District,Crop,Area,Production,Yield,NDVI,NDWI,EVI,SAVI,SMAI,Precipitation,CQI,District_Encoded,Crop_Encoded,NDVI_NDWI_Ratio,EVI_SAVI_Ratio,Vegetation_Index,Water_Veg_Interaction,Precip_NDVI,Quality_NDVI,Quality_Precip,Log_Area
Chennai,Paddy,121,356.0,2.9421487603305785,0.2410419370669223,0.2939825035132497,12.926848202625232,0.3614722126298418,0.0563373781074205,159.9465686856479,0.0899318584541462,2,6,0.8171397767532182,35.66300464478965,4.509787450773999,0.070862112110617,38.55383074319611,0.02167734936581567,14.384292175264058,4.804021044733257
Chennai,Groundnut,1,2.0,2.0,0.2410419370669223,0.2939825035132497,12.926848202625232,0.3614722126298418,0.0563373781074205,159.9465686856479,0.1952292632017799,2,4,0.8171397767532182,35.66300464478965,4.509787450773999,0.070862112110617,38.55383074319611,0.047058439774305044,31.22625075615192,0.6931471805599453
Chennai,Gingelly,1,1.0,1.0,0.2410419370669223,0.2939825035132497,12.926848202625232,0.3614722126298418,0.0563373781074205,159.9465686856479,0.2084840230434684,2,3,0.8171397767532182,35.66300464478965,4.509787450773999,0.070862112110617,38.55383074319611,0.05025339276190249,33.34630411158232,0.6931471805599453
Kancheepuram,Paddy,51950,193683.0,3.7282579403272376,0.1908842343788188,0.1857692838388052,9.258646836504097,0.2862335118244733,0.0666252892942774,117.35336965512954,0.1217694199440502,9,6,1.0220322659884753,32.23386706409801,3.245254860902463,0.035460427516671805,22.400908118393907,0.02324386249677289,14.290051751384826,10.858056245620261
Kancheepuram,Ragi,34,104.0,3.0588235294117645,0.1908842343788188,0.1857692838388052,9.258646836504097,0.2862335118244733,0.0666252892942774,117.35336965512954,0.3933346143214029,9,7,1.0220322659884753,32.23386706409801,3.245254860902463,0.035460427516671805,22.400908118393907,0.07508137670942897,46.159142392617404,3.5553480614894135
Kancheepuram,Maize,2,14.0,7.0,0.1908842343788188,0.1857692838388052,9.258646836504097,0.2862335118244733,0.0666252892942774,117.35336965512954,0.4248049803346843,9,5,1.0220322659884753,32.23386706409801,3.245254860902463,0.035460427516671805,22.400908118393907,0.08108857343149538,49.85229588855624,1.0986122886681096
Kancheepuram,Sugarcane,497,59187.0,119.08853118712274,0.1908842343788188,0.1857692838388052,9.258646836504097,0.2862335118244733,0.0666252892942774,117.35336965512954,0.337822270181385,9,8,1.0220322659884753,32.23386706409801,3.245254860902463,0.035460427516671805,22.400908118393907,0.06448494539968815,39.64458175033112,6.210600077024653
Kancheepuram,Groundnut,1770,5318.0,3.004519774011299,0.1908842343788188,0.1857692838388052,9.258646836504097,0.2862335118244733,0.0666252892942774,117.35336965512954,0.3502935561873774,9,4,1.0220322659884753,32.23386706409801,3.245254860902463,0.035460427516671805,22.400908118393907,0.06686551728066127,41.10812918706719,7.479299637782834
Kancheepuram,Gingelly,251,131.0,0.5219123505976095,0.1908842343788188,0.1857692838388052,9.258646836504097,0.2862335118244733,0.0666252892942774,117.35336965512954,0.3944454314591826,9,3,1.0220322659884753,32.23386706409801,3.245254860902463,0.035460427516671805,22.400908118393907,0.07529341418830891,46.28950052680652,5.529429087511423
Chengalpattu,Paddy,57326,241435.0,4.211614276244636,0.1683563967155686,0.1546361258060442,4.09343086793896,0.2524748917138931,0.0602890628127346,87.73712044044368,0.1268079426104406,1,6,1.0817308375137569,16.149255810943888,1.5047540521228076,0.02603398094276095,14.771105455552958,0.021348928292808392,11.125763733617095,10.956526995909481
Chengalpattu,Cholam,2,2.0,1.0,0.1683563967155686,0.1546361258060442,4.09343086793896,0.2524748917138931,0.0602890628127346,87.73712044044368,0.5634778700208046,1,0,1.0817308375137569,16.149255810943888,1.5047540521228076,0.02603398094276095,14.771105455552958,0.09486510382566618,49.43792574754,1.0986122886681096
Chengalpattu,Cumbu,13,35.0,2.6923076923076925,0.1683563967155686,0.1546361258060442,4.09343086793896,0.2524748917138931,0.0602890628127346,87.73712044044368,0.5549175958221371,1,2,1.0817308375137569,16.149255810943888,1.5047540521228076,0.02603398094276095,14.771105455552958,0.09342392690668126,48.686871939168284,2.639057329615259
Chengalpattu,Ragi,101,294.0,2.910891089108911,0.1683563967155686,0.1546361258060442,4.09343086793896,0.2524748917138931,0.0602890628127346,87.73712044044368,0.4112338441525097,1,7,1.0817308375137569,16.149255810943888,1.5047540521228076,0.02603398094276095,14.771105455552958,0.06923384820900823,36.080473313595384,4.624972813284271
Chengalpattu,Maize,5,39.0,7.8,0.1683563967155686,0.1546361258060442,4.09343086793896,0.2524748917138931,0.0602890628127346,87.73712044044368,0.4414795841141172,1,5,1.0817308375137569,16.149255810943888,1.5047540521228076,0.02603398094276095,14.771105455552958,0.07432591200494056,38.734147443417285,1.791759469228055
Chengalpattu,Sugarcane,813,72303.0,88.93357933579335,0.1683563967155686,0.1546361258060442,4.09343086793896,0.2524748917138931,0.0602890628127346,87.73712044044368,0.3517845566686133,1,8,1.0817308375137569,16.149255810943888,1.5047540521228076,0.02603398094276095,14.771105455552958,0.059225180380911485,30.86456401752221,6.70196036600254
Chengalpattu,Cotton,23,45.0,1.9565217391304348,0.1683563967155686,0.1546361258060442,4.09343086793896,0.2524748917138931,0.0602890628127346,87.73712044044368,0.5355687151685722,1,1,1.0817308375137569,16.149255810943888,1.5047540521228076,0.02603398094276095,14.771105455552958,0.0901664190793675,46.98925686687869,3.1780538303479458
Chengalpattu,Groundnut,6915,37618.0,5.440057845263919,0.1683563967155686,0.1546361258060442,4.09343086793896,0.2524748917138931,0.0602890628127346,87.73712044044368,0.3655283377193705,1,4,1.0817308375137569,16.149255810943888,1.5047540521228076,0.02603398094276095,14.771105455552958,0.061539033835864676,32.07040379087958,8.84159284680318
Chengalpattu,Gingelly,701,406.0,0.579172610556348,0.1683563967155686,0.1546361258060442,4.09343086793896,0.2524748917138931,0.0602890628127346,87.73712044044368,0.4123594332680258,1,3,1.0817308375137569,16.149255810943888,1.5047540521228076,0.02603398094276095,14.771105455552958,0.06942334833667879,36.17922926138988,6.553933404025811
Cuddalore,Paddy,138837,501580.0,3.6127257143268725,0.3406753963239198,0.4153359789367604,3.408492243394948,0.5108454079153911,0.0891100858591408,177.53194657710864,0.1288378823743649,4,6,0.8182703719095747,6.659222082848846,1.4200043492114196,0.14149474923186406,60.480766260313445,0.04389189663942132,22.872840050793553,11.841063064801384
Cuddalore,Cholam,1,1.0,1.0,0.3406753963239198,0.4153359789367604,3.408492243394948,0.5108454079153911,0.0891100858591408,177.53194657710864,0.4303394458873525,4,0,0.8182703719095747,6.659222082848846,1.4200043492114196,0.14149474923186406,60.480766260313445,0.14660606128148987,76.398999517296,0.6931471805599453
Cuddalore,Cumbu,4621,15985.0,3.459207963644233,0.3406753963239198,0.4153359789367604,3.408492243394948,0.5108454079153911,0.0891100858591408,177.53194657710864,0.4260300875018065,4,2,0.8182703719095747,6.659222082848846,1.4200043492114196,0.14149474923186406,60.480766260313445,0.14513796890559216,75.63395073461163,8.438582790834326
Cuddalore,Ragi,43,121.0,2.813953488372093,0.3406753963239198,0.4153359789367604,3.408492243394948,0.5108454079153911,0.0891100858591408,177.53194657710864,0.3263159128074102,4,7,0.8182703719095747,6.659222082848846,1.4200043492114196,0.14149474923186406,60.480766260313445,0.11116780292246611,57.931499199785584,3.784189633918261
Cuddalore,Maize,24922,146454.0,5.876494663349651,0.3406753963239198,0.4153359789367604,3.408492243394948,0.5108454079153911,0.0891100858591408,177.53194657710864,0.3639350713705245,4,5,0.8182703719095747,6.659222082848846,1.4200043492114196,0.14149474923186406,60.480766260313445,0.12398372467532748,64.61010164808818,10.123546350888414
Cuddalore,Sugarcane,15918,2009847.0,126.26253298153034,0.3406753963239198,0.4153359789367604,3.408492243394948,0.5108454079153911,0.0891100858591408,177.53194657710864,0.2922067372335728,4,8,0.8182703719095747,6.659222082848846,1.4200043492114196,0.14149474923186406,60.480766260313445,0.09954764601556691,51.87603086402187,9.675268643355135
Cuddalore,Cotton,6122,8755.0,1.4300882064684743,0.3406753963239198,0.4153359789367604,3.408492243394948,0.5108454079153911,0.0891100858591408,177.53194657710864,0.4164154092576305,4,1,0.8182703719095747,6.659222082848846,1.4200043492114196,0.14149474923186406,60.480766260313445,0.14186248458423054,73.92703819021048,8.719807451477955
Cuddalore,Groundnut,11747,68349.0,5.818421724695667,0.3406753963239198,0.4153359789367604,3.408492243394948,0.5108454079153911,0.0891100858591408,177.53194657710864,0.2982370808468251,4,4,0.8182703719095747,6.659222082848846,1.4200043492114196,0.14149474923186406,60.480766260313445,0.10160203571598105,52.94660950421138,9.37143829231851
Cuddalore,Gingelly,3025,2025.0,0.6694214876033058,0.3406753963239198,0.4153359789367604,3.408492243394948,0.5108454079153911,0.0891100858591408,177.53194657710864,0.3271787038600284,4,3,0.8182703719095747,6.659222082848846,1.4200043492114196,0.14149474923186406,60.480766260313445,0.11146173460626156,58.08467217484621,8.0149968943483
Kallakurichi,Paddy,60020,234359.0,3.904681772742419,0.1042595769061117,0.0882645923627456,3.36716101339554,0.1563660877203368,0.0463738551119465,138.10838541884385,0.1229757152488446,8,6,1.1679835660082423,21.396992593343818,1.2092622260073296,0.009202429055530275,14.399121830954867,0.012821396041571008,16.983977478745423,11.002449779968526
Kallakurichi,Cholam,18,15.0,0.8333333333333334,0.1042595769061117,0.0882645923627456,3.36716101339554,0.1563660877203368,0.0463738551119465,138.10838541884385,0.5674348730290781,8,0,1.1679835660082423,21.396992593343818,1.2092622260073296,0.009202429055530275,14.399121830954867,0.0591605197837849,78.36751414439264,2.9444389791664403
Kallakurichi,Cumbu,10408,17472.0,1.6787086856264413,0.1042595769061117,0.0882645923627456,3.36716101339554,0.1563660877203368,0.0463738551119465,138.10838541884385,0.5579641134177005,8,2,1.1679835660082423,21.396992593343818,1.2092622260073296,0.009202429055530275,14.399121830954867,0.058173102393723176,77.05952282577528,9.250426095515468
Kallakurichi,Ragi,114,358.0,3.1403508771929824,0.1042595769061117,0.0882645923627456,3.36716101339554,0.1563660877203368,0.0463738551119465,138.10838541884385,0.4122082992697804,8,7,1.1679835660082423,21.396992593343818,1.2092622260073296,0.009202429055530275,14.399121830954867,0.04297666287905518,56.92942266839697,4.74493212836325
Kallakurichi,Maize,25427,200369.0,7.880166751877925,0.1042595769061117,0.0882645923627456,3.36716101339554,0.1563660877203368,0.0463738551119465,138.10838541884385,0.4428327897415875,8,5,1.1679835660082423,21.396992593343818,1.2092622260073296,0.009202429055530275,14.399121830954867,0.04616955929861104,61.15892160173301,10.1436062080563
Kallakurichi,Sugarcane,25731,2885636.0,112.14628269402667,0.1042595769061117,0.0882645923627456,3.36716101339554,0.1563660877203368,0.0463738551119465,138.10838541884385,0.3498315128769093,8,8,1.1679835660082423,21.396992593343818,1.2092622260073296,0.009202429055530275,14.399121830954867,0.03647328552097153,48.31466541206142,10.15549063253089
Kallakurichi,Cotton,5203,7425.0,1.427061310782241,0.1042595769061117,0.0882645923627456,3.36716101339554,0.1563660877203368,0.0463738551119465,138.10838541884385,0.5387532909376148,8,1,1.1679835660082423,21.396992593343818,1.2092622260073296,0.009202429055530275,14.399121830954867,0.05617019016993103,74.40634715048262,8.557182839632397
Kallakurichi,Groundnut,6833,17716.0,2.592711839601932,0.1042595769061117,0.0882645923627456,3.36716101339554,0.1563660877203368,0.0463738551119465,138.10838541884385,0.3653284100088967,8,4,1.1679835660082423,21.396992593343818,1.2092622260073296,0.009202429055530275,14.399121830954867,0.038088985459310075,50.45491685396212,8.829665432675236
Kallakurichi,Gingelly,4846,3585.0,0.7397853900123813,0.1042595769061117,0.0882645923627456,3.36716101339554,0.1563660877203368,0.0463738551119465,138.10838541884385,0.413356506633376,8,3,1.1679835660082423,21.396992593343818,1.2092622260073296,0.009202429055530275,14.399121830954867,0.04309637449298414,57.08799973350917,8.486115235845377
Vellore,Paddy,9758,36653.0,3.7562000409920064,0.1323092647126755,0.1082060763975282,2.333019471654272,0.1984285373524484,0.0591283048167075,134.40426048892152,0.1141811387866203,34,6,1.2115558866069676,11.69852370491564,0.8879190912397986,0.014316666405600548,17.782928879540112,0.015107222516913685,15.346431520398616,9.18594521514146
Vellore,Cholam,2653,3283.0,1.237467018469657,0.1323092647126755,0.1082060763975282,2.333019471654272,0.1984285373524484,0.0591283048167075,134.40426048892152,0.5386825297064742,34,0,1.2115558866069676,11.69852370491564,0.8879190912397986,0.014316666405600548,17.782928879540112,0.07127268941902759,72.40122704350017,7.8838232148921525
Vellore,Cumbu,245,898.0,3.6653061224489796,0.1323092647126755,0.1082060763975282,2.333019471654272,0.1984285373524484,0.0591283048167075,134.40426048892152,0.5297911393061063,34,2,1.2115558866069676,11.69852370491564,0.8879190912397986,0.014316666405600548,17.782928879540112,0.07009627609288158,71.20618629202042,5.5053315359323625
Vellore,Ragi,1132,5239.0,4.6280918727915195,0.1323092647126755,0.1082060763975282,2.333019471654272,0.1984285373524484,0.0591283048167075,134.40426048892152,0.3868772788914361,34,7,1.2115558866069676,11.69852370491564,0.8879190912397986,0.014316666405600548,17.782928879540112,0.051187448304166605,51.99795456936972,7.0326242610280065
Vellore,Maize,449,3170.0,7.060133630289532,0.1323092647126755,0.1082060763975282,2.333019471654272,0.1984285373524484,0.0591283048167075,134.40426048892152,0.4175943715662087,34,5,1.2115558866069676,11.69852370491564,0.8879190912397986,0.014316666405600548,17.782928879540112,0.055251604250076886,56.1264626946922,6.1092475827643655
Vellore,Sugarcane,1293,148427.0,114.79273008507347,0.1323092647126755,0.1082060763975282,2.333019471654272,0.1984285373524484,0.0591283048167075,134.40426048892152,0.3288145249058361,34,8,1.2115558866069676,11.69852370491564,0.8879190912397986,0.014316666405600548,17.782928879540112,0.043505208017138905,44.19407305798497,7.165493475060845
Vellore,Cotton,50,153.0,3.06,0.1323092647126755,0.1082060763975282,2.333019471654272,0.1984285373524484,0.0591283048167075,134.40426048892152,0.5103463454297337,34,1,1.2115558866069676,11.69852370491564,0.8879190912397986,0.014316666405600548,17.782928879540112,0.06752354971260917,68.59272315070704,3.9318256327243257
Vellore,Groundnut,15461,42627.0,2.7570661664834097,0.1323092647126755,0.1082060763975282,2.333019471654272,0.1984285373524484,0.0591283048167075,134.40426048892152,0.343079038812403,34,4,1.2115558866069676,11.69852370491564,0.8879190912397986,0.014316666405600548,17.782928879540112,0.0453925353636005,46.111284500831026,9.64614067988042
Vellore,Gingelly,18,9.0,0.5,0.1323092647126755,0.1082060763975282,2.333019471654272,0.1984285373524484,0.0591283048167075,134.40426048892152,0.3880500345228286,34,3,1.2115558866069676,11.69852370491564,0.8879190912397986,0.014316666405600548,17.782928879540112,0.0513426147394438,52.155577922741244,2.9444389791664403
Ranipet,Paddy,43603,179239.0,4.110703391968443,0.1576527531121549,0.1506660734992651,7.196401904016525,0.2364325324235347,0.0582008698806889,50.47462391165242,0.1146633682510755,20,6,1.0394727672099904,30.309249665835623,2.5301623965174045,0.02375292128775743,7.9574634219726095,0.018076995685894905,5.7875903889163425,10.68290416824825
Ranipet,Cholam,33,27.0,0.8181818181818182,0.1576527531121549,0.1506660734992651,7.196401904016525,0.2364325324235347,0.0582008698806889,50.47462391165242,0.5373940797933434,20,0,1.0394727672099904,30.309249665835623,2.5301623965174045,0.02375292128775743,7.9574634219726095,0.08472165618559364,27.124764069917543,3.5263605246161616
Ranipet,Cumbu,83,208.0,2.5060240963855422,0.1576527531121549,0.1506660734992651,7.196401904016525,0.2364325324235347,0.0582008698806889,50.47462391165242,0.5293634703638569,20,2,1.0394727672099904,30.309249665835623,2.5301623965174045,0.02375292128775743,7.9574634219726095,0.08345560849986666,26.719422079182838,4.430816798843313
Ranipet,Ragi,804,3077.0,3.8271144278606966,0.1576527531121549,0.1506660734992651,7.196401904016525,0.2364325324235347,0.0582008698806889,50.47462391165242,0.3865410524634366,20,7,1.0394727672099904,30.309249665835623,2.5301623965174045,0.02375292128775743,7.9574634219726095,0.06093926111173069,19.510514249506272,6.690842277418564
Ranipet,Maize,2,14.0,7.0,0.1576527531121549,0.1506660734992651,7.196401904016525,0.2364325324235347,0.0582008698806889,50.47462391165242,0.4170049962347322,20,5,1.0394727672099904,30.309249665835623,2.5301623965174045,0.02375292128775743,7.9574634219726095,0.06574198571792932,21.04817035422814,1.0986122886681096
Ranipet,Sugarcane,1393,133552.0,95.87365398420675,0.1576527531121549,0.1506660734992651,7.196401904016525,0.2364325324235347,0.0582008698806889,50.47462391165242,0.3305070847553615,20,8,1.0394727672099904,30.309249665835623,2.5301623965174045,0.02375292128775743,7.9574634219726095,0.052105351834755065,16.682220803163503,7.2399325913204695
Ranipet,Cotton,34,63.0,1.8529411764705883,0.1576527531121549,0.1506660734992651,7.196401904016525,0.2364325324235347,0.0582008698806889,50.47462391165242,0.5093998274359889,20,1,1.0394727672099904,30.309249665835623,2.5301623965174045,0.02375292128775743,7.9574634219726095,0.08030828523014026,25.711764710492183,3.5553480614894135
Ranipet,Groundnut,9995,29792.0,2.980690345172586,0.1576527531121549,0.1506660734992651,7.196401904016525,0.2364325324235347,0.0582008698806889,50.47462391165242,0.3432201633141297,20,4,1.0394727672099904,30.309249665835623,2.5301623965174045,0.02375292128775743,7.9574634219726095,0.05410960367007597,17.32390866217662,9.209940291954844
Ranipet,Gingelly,133,70.0,0.5263157894736842,0.1576527531121549,0.1506660734992651,7.196401904016525,0.2364325324235347,0.0582008698806889,50.47462391165242,0.38765709923017,20,3,1.0394727672099904,30.309249665835623,2.5301623965174045,0.02375292128775743,7.9574634219726095,0.061115208957108126,19.566846290324953,4.897839799950911
Tirupathur,Paddy,9723,42420.0,4.362850971922247,0.134122905009343,0.0925766394685762,5.670917911467555,0.2011436266743074,0.0593521772001922,154.16174190266517,0.1160885399338249,30,6,1.4332947386338082,28.053904071902814,2.0020614810504016,0.01241664782152804,20.676620665286016,0.01557013221421772,17.896411531135552,9.182352335436015
Tirupathur,Cholam,2735,3450.0,1.2614259597806217,0.134122905009343,0.0925766394685762,5.670917911467555,0.2011436266743074,0.0593521772001922,154.16174190266517,0.582840948139299,30,0,1.4332947386338082,28.053904071902814,2.0020614810504016,0.01241664782152804,20.676620665286016,0.07817232112284261,89.85177581735526,7.914252278742441
Tirupathur,Cumbu,1415,4788.0,3.3837455830388694,0.134122905009343,0.0925766394685762,5.670917911467555,0.2011436266743074,0.0593521772001922,154.16174190266517,0.5722822822439473,30,2,1.4332947386338082,28.053904071902814,2.0020614810504016,0.01241664782152804,20.676620665286016,0.07675616217993497,88.22403349075958,7.255591274253665
Tirupathur,Ragi,3347,11806.0,3.5273379145503436,0.134122905009343,0.0925766394685762,5.670917911467555,0.2011436266743074,0.0593521772001922,154.16174190266517,0.4140066058749253,30,7,1.4332947386338082,28.053904071902814,2.0020614810504016,0.01241664782152804,20.676620665286016,0.055527768673003124,63.82397952088866,8.116118431609365
Tirupathur,Maize,1097,7944.0,7.241567912488605,0.134122905009343,0.0925766394685762,5.670917911467555,0.2011436266743074,0.0593521772001922,154.16174190266517,0.440692392370425,30,5,1.4332947386338082,28.053904071902814,2.0020614810504016,0.01241664782152804,20.676620665286016,0.059106943880238634,67.93790685107751,7.001245622069476
Tirupathur,Sugarcane,758,84066.0,110.90501319261213,0.134122905009343,0.0925766394685762,5.670917911467555,0.2011436266743074,0.0593521772001922,154.16174190266517,0.3455365111884155,30,8,1.4332947386338082,28.053904071902814,2.0020614810504016,0.01241664782152804,20.676620665286016,0.04634436066738364,53.26851045577589,6.6320017773956295
Tirupathur,Cotton,3441,8349.0,2.4263295553618134,0.134122905009343,0.0925766394685762,5.670917911467555,0.2011436266743074,0.0593521772001922,154.16174190266517,0.5488121691154356,30,1,1.4332947386338082,28.053904071902814,2.0020614810504016,0.01241664782152804,20.676620665286016,0.07360828242624107,84.60583996821562,8.143807976771484
Tirupathur,Groundnut,13191,29560.0,2.240921840648927,0.134122905009343,0.0925766394685762,5.670917911467555,0.2011436266743074,0.0593521772001922,154.16174190266517,0.3642027517064887,30,4,1.4332947386338082,28.053904071902814,2.0020614810504016,0.01241664782152804,20.676620665286016,0.04884793107127072,56.14613060881616,9.487365864239434
Tirupathur,Gingelly,23,11.0,0.4782608695652174,0.134122905009343,0.0925766394685762,5.670917911467555,0.2011436266743074,0.0593521772001922,154.16174190266517,0.4148236362991309,30,3,1.4332947386338082,28.053904071902814,2.0020614810504016,0.01241664782152804,20.676620665286016,0.055637351166978585,63.94993435427166,3.1780538303479458
Tiruvannamalai,Paddy,170693,646058.0,3.7849120936418013,0.0994212917098991,0.0788439217328369,11.547591322641916,0.1491070420439362,0.0473677730744977,92.14860634801212,0.1157820739466342,32,6,1.2451954958145643,76.92904453651111,3.9320398854652496,0.007838764542152831,9.161533472386374,0.011511203348625428,10.669156754264826,12.047627758779893
Tiruvannamalai,Cholam,22,17.0,0.7727272727272727,0.0994212917098991,0.0788439217328369,11.547591322641916,0.1491070420439362,0.0473677730744977,92.14860634801212,0.5534666617424422,32,0,1.2451954958145643,76.92904453651111,3.9320398854652496,0.007838764542152831,9.161533472386374,0.055026370428799404,51.001181539652684,3.1354942159291497
Tiruvannamalai,Cumbu,2218,4450.0,2.006311992786294,0.0994212917098991,0.0788439217328369,11.547591322641916,0.1491070420439362,0.0473677730744977,92.14860634801212,0.5447340423173531,32,2,1.2451954958145643,76.92904453651111,3.9320398854652496,0.007838764542152831,9.161533472386374,0.05415816212554609,50.19648282986315,7.704811922932594
Tiruvannamalai,Ragi,2323,7353.0,3.165303486870426,0.0994212917098991,0.0788439217328369,11.547591322641916,0.1491070420439362,0.0473677730744977,92.14860634801212,0.3979168211437952,32,7,1.2451954958145643,76.92904453651111,3.9320398854652496,0.007838764542152831,9.161533472386374,0.03956140435121301,36.66748051083193,7.751045117971802
Tiruvannamalai,Maize,2635,17529.0,6.652371916508539,0.0994212917098991,0.0788439217328369,11.547591322641916,0.1491070420439362,0.0473677730744977,92.14860634801212,0.4278518197585709,32,5,1.2451954958145643,76.92904453651111,3.9320398854652496,0.007838764542152831,9.161533472386374,0.04253758058082805,39.42594891421319,7.877017895622398
Tiruvannamalai,Sugarcane,17699,1719352.0,97.14401943612633,0.0994212917098991,0.0788439217328369,11.547591322641916,0.1491070420439362,0.0473677730744977,92.14860634801212,0.3380476620460687,32,8,1.2451954958145643,76.92904453651111,3.9320398854652496,0.007838764542152831,9.161533472386374,0.033609135220131585,31.15062093674902,9.78131991856192
Tiruvannamalai,Cotton,2184,3942.0,1.804945054945055,0.0994212917098991,0.0788439217328369,11.547591322641916,0.1491070420439362,0.0473677730744977,92.14860634801212,0.5242086167392077,32,1,1.2451954958145643,76.92904453651111,3.9320398854652496,0.007838764542152831,9.161533472386374,0.05211749780167147,48.30509346813721,7.68937110752969
Tiruvannamalai,Groundnut,68044,154833.0,2.2754835106695666,0.0994212917098991,0.0788439217328369,11.547591322641916,0.1491070420439362,0.0473677730744977,92.14860634801212,0.3523858462824601,32,4,1.2451954958145643,76.92904453651111,3.9320398854652496,0.007838764542152831,9.161533472386374,0.03503465601768813,32.47186463169353,11.127924529994418
Tiruvannamalai,Gingelly,925,664.0,0.7178378378378378,0.0994212917098991,0.0788439217328369,11.547591322641916,0.1491070420439362,0.0473677730744977,92.14860634801212,0.398959172681724,32,3,1.2451954958145643,76.92904453651111,3.9320398854652496,0.007838764542152831,9.161533472386374,0.03966503628752969,36.76353175237678,6.8308742346461795
Salem,Paddy,24299,99983.0,4.114696078027903,0.1539565853571496,0.112967656484869,0.9998506774026806,0.2308955329984954,0.0753717691144506,143.29221380653618,0.1139642035530793,21,6,1.350879627656376,4.311642680107891,0.4615675985861085,0.01739211464820989,22.060779945920917,0.017545539631979225,16.33018302181945,10.09823162932864
Salem,Cholam,55801,39067.0,0.7001129012024874,0.1539565853571496,0.112967656484869,0.9998506774026806,0.2308955329984954,0.0753717691144506,143.29221380653618,0.5389250412016093,21,0,1.350879627656376,4.311642680107891,0.4615675985861085,0.01739211464820989,22.060779945920917,0.08297105910686092,77.22376222955732,10.929564990020989
Salem,Cumbu,616,1640.0,2.6623376623376624,0.1539565853571496,0.112967656484869,0.9998506774026806,0.2308955329984954,0.0753717691144506,143.29221380653618,0.530071196214718,21,2,1.350879627656376,4.311642680107891,0.4615675985861085,0.01739211464820989,22.060779945920917,0.08160795136539763,75.95507518068577,6.424869023905388
Salem,Ragi,6019,22336.0,3.7109154344575512,0.1539565853571496,0.112967656484869,0.9998506774026806,0.2308955329984954,0.0753717691144506,143.29221380653618,0.3869283688143631,21,7,1.350879627656376,4.311642680107891,0.4615675985861085,0.01739211464820989,22.060779945920917,0.05957017044047115,55.44382255196201,8.702842538302868
Salem,Maize,48293,396992.0,8.220487441244073,0.1539565853571496,0.112967656484869,0.9998506774026806,0.2308955329984954,0.0753717691144506,143.29221380653618,0.4175808696678268,21,5,1.350879627656376,4.311642680107891,0.4615675985861085,0.01739211464820989,22.060779945920917,0.06428932480452754,59.83608725796156,10.78506260832179
Salem,Sugarcane,5828,698179.0,119.79735758407686,0.1539565853571496,0.112967656484869,0.9998506774026806,0.2308955329984954,0.0753717691144506,143.29221380653618,0.3287603187339198,21,8,1.350879627656376,4.311642680107891,0.4615675985861085,0.01739211464820989,22.060779945920917,0.05061481607320243,47.10879388312582,8.67060073804555
Salem,Cotton,10083,20641.0,2.047108995338689,0.1539565853571496,0.112967656484869,0.9998506774026806,0.2308955329984954,0.0753717691144506,143.29221380653618,0.5105261724681603,21,1,1.350879627656376,4.311642680107891,0.4615675985861085,0.01739211464820989,22.060779945920917,0.0785988662486532,73.1544254591402,9.21870528830781
Salem,Groundnut,22633,45495.0,2.010117969336809,0.1539565853571496,0.112967656484869,0.9998506774026806,0.2308955329984954,0.0753717691144506,143.29221380653618,0.3430622210474572,21,4,1.350879627656376,4.311642680107891,0.4615675985861085,0.01739211464820989,22.060779945920917,0.052816688117506165,49.158145127277415,10.027208479525887
Salem,Gingelly,1521,1000.0,0.6574621959237343,0.1539565853571496,0.112967656484869,0.9998506774026806,0.2308955329984954,0.0753717691144506,143.29221380653618,0.3880636313677792,21,3,1.350879627656376,4.311642680107891,0.4615675985861085,0.01739211464820989,22.060779945920917,0.05974495158667894,55.60649683649266,7.3277805384216315
Namakkal,Paddy,10444,53652.0,5.137112217541172,0.1169966768222443,0.0780543197348365,0.7348528190463396,0.1754668695925022,0.0545933609252053,211.84828219862663,0.0813007422178669,16,6,1.479952989471971,4.164253725037814,0.34243878848702863,0.009132096020596791,24.78554500774033,0.009511916662672367,17.223422580328464,9.253878673990666
Namakkal,Cholam,69479,32849.0,0.47279033952705135,0.1169966768222443,0.0780543197348365,0.7348528190463396,0.1754668695925022,0.0545933609252053,211.84828219862663,0.4859674791416598,16,0,1.479952989471971,4.164253725037814,0.34243878848702863,0.009132096020596791,24.78554500774033,0.05685658010325751,102.95137566055755,11.148794220355041
Namakkal,Cumbu,117,283.0,2.4188034188034186,0.1169966768222443,0.0780543197348365,0.7348528190463396,0.1754668695925022,0.0545933609252053,211.84828219862663,0.4789346766740205,16,2,1.479952989471971,4.164253725037814,0.34243878848702863,0.009132096020596791,24.78554500774033,0.05603376558579644,101.4614885387459,4.770684624465665
Namakkal,Ragi,399,1175.0,2.944862155388471,0.1169966768222443,0.0780543197348365,0.7348528190463396,0.1754668695925022,0.0545933609252053,211.84828219862663,0.3323222728915372,16,7,1.479952989471971,4.164253725037814,0.34243878848702863,0.009132096020596791,24.78554500774033,0.038880601562324854,70.40190264841539,5.991464547107982
Namakkal,Maize,9908,69987.0,7.063685910375455,0.1169966768222443,0.0780543197348365,0.7348528190463396,0.1754668695925022,0.0545933609252053,211.84828219862663,0.3621746481684135,16,5,1.479952989471971,4.164253725037814,0.34243878848702863,0.009132096020596791,24.78554500774033,0.042373230264969905,76.72607707037038,9.201198714058899
Namakkal,Sugarcane,10625,1274579.0,119.96037647058823,0.1169966768222443,0.0780543197348365,0.7348528190463396,0.1754668695925022,0.0545933609252053,211.84828219862663,0.2799577040156048,16,8,1.479952989471971,4.164253725037814,0.34243878848702863,0.009132096020596791,24.78554500774033,0.03275412102061124,59.30855868397744,9.271059107010888
Namakkal,Cotton,4403,7044.0,1.5998183057006587,0.1169966768222443,0.0780543197348365,0.7348528190463396,0.1754668695925022,0.0545933609252053,211.84828219862663,0.4558483736071331,16,1,1.479952989471971,4.164253725037814,0.34243878848702863,0.009132096020596791,24.78554500774033,0.053332744846859424,96.57069489170891,8.390268497842571
Namakkal,Groundnut,30723,64198.0,2.0895745858151873,0.1169966768222443,0.0780543197348365,0.7348528190463396,0.1754668695925022,0.0545933609252053,211.84828219862663,0.292396294278391,16,4,1.479952989471971,4.164253725037814,0.34243878848702863,0.009132096020596791,24.78554500774033,0.03420939474571075,61.94365266412125,10.332799387118573
Namakkal,Gingelly,633,518.0,0.8183254344391785,0.1169966768222443,0.0780543197348365,0.7348528190463396,0.1754668695925022,0.0545933609252053,211.84828219862663,0.3328646111157016,16,3,1.479952989471971,4.164253725037814,0.34243878848702863,0.009132096020596791,24.78554500774033,0.03894405333226576,70.51679606957526,6.452048954437226
Dharmapuri,Paddy,27923,119738.0,4.288149554131003,0.1235949006232666,0.0806299223962962,2.3871720266719203,0.1853606176230569,0.0577187443611161,101.03943457184236,0.1139452508471582,5,6,1.5140881798617818,12.809423241450853,0.8987091816394145,0.009965447245831927,12.487958874937904,0.014083051954947702,11.512963717743608,10.237241813090293
Dharmapuri,Cholam,29582,42437.0,1.4345547968359138,0.1235949006232666,0.0806299223962962,2.3871720266719203,0.1853606176230569,0.0577187443611161,101.03943457184236,0.5533218232349694,5,0,1.5140881798617818,12.809423241450853,0.8987091816394145,0.009965447245831927,12.487958874937904,0.06838775575541073,55.90732415592221,10.294955151000439
Dharmapuri,Cumbu,119,324.0,2.722689075630252,0.1235949006232666,0.0806299223962962,2.3871720266719203,0.1853606176230569,0.0577187443611161,101.03943457184236,0.544523896583469,5,2,1.5140881798617818,12.809423241450853,0.8987091816394145,0.009965447245831927,12.487958874937904,0.06730037688522775,55.01838662165007,4.787491742782046
Dharmapuri,Ragi,13849,40220.0,2.904180807278504,0.1235949006232666,0.0806299223962962,2.3871720266719203,0.1853606176230569,0.0577187443611161,101.03943457184236,0.3966573192406897,5,7,1.5140881798617818,12.809423241450853,0.8987091816394145,0.009965447245831927,12.487958874937904,0.049024821953044376,40.078031254862054,9.536040511615484
Dharmapuri,Maize,4931,29636.0,6.010139931048469,0.1235949006232666,0.0806299223962962,2.3871720266719203,0.1853606176230569,0.0577187443611161,101.03943457184236,0.4264279873251761,5,5,1.5140881798617818,12.809423241450853,0.8987091816394145,0.009965447245831927,12.487958874937904,0.05270432471643473,43.086042724944555,8.503499864284235
Dharmapuri,Sugarcane,4217,543959.0,128.99193739625326,0.1235949006232666,0.0806299223962962,2.3871720266719203,0.1853606176230569,0.0577187443611161,101.03943457184236,0.336420294702101,5,8,1.5140881798617818,12.809423241450853,0.8987091816394145,0.009965447245831927,12.487958874937904,0.041579832891356236,33.99171635519286,8.34711636103872
Dharmapuri,Cotton,5985,14138.0,2.3622389306599834,0.1235949006232666,0.0806299223962962,2.3871720266719203,0.1853606176230569,0.0577187443611161,101.03943457184236,0.523666591509014,5,1,1.5140881798617818,12.809423241450853,0.8987091816394145,0.009965447245831927,12.487958874937904,0.06472252033728132,52.910976310234716,8.697178688412643
Dharmapuri,Groundnut,15801,45590.0,2.8852604265552815,0.1235949006232666,0.0806299223962962,2.3871720266719203,0.1853606176230569,0.0577187443611161,101.03943457184236,0.3509524758942282,5,4,1.5140881798617818,12.809423241450853,0.8987091816394145,0.009965447245831927,12.487958874937904,0.0433759363816365,35.46003972594095,9.667891793282678
Dharmapuri,Gingelly,71,52.0,0.7323943661971831,0.1235949006232666,0.0806299223962962,2.3871720266719203,0.1853606176230569,0.0577187443611161,101.03943457184236,0.3976785432776478,5,3,1.5140881798617818,12.809423241450853,0.8987091816394145,0.009965447245831927,12.487958874937904,0.0491510400364063,40.18121515412748,4.276666119016055
Krishnagiri,Paddy,30484,133006.0,4.363141320036741,0.134606053145463,0.1212155145883991,9.374917999164769,0.2018726216183585,0.0558256945621052,61.660149551910365,0.1074509798876559,12,6,1.1013826975960712,46.21085844102094,3.2371322246428633,0.016316341998740696,8.299829367541644,0.014463552309289886,6.625443489372175,10.324990038341916
Krishnagiri,Cholam,4227,5616.0,1.3286018452803408,0.134606053145463,0.1212155145883991,9.374917999164769,0.2018726216183585,0.0558256945621052,61.660149551910365,0.5157453026864104,12,0,1.1013826975960712,46.21085844102094,3.2371322246428633,0.016316341998740696,8.299829367541644,0.06942243962292986,31.800932494339342,8.349484346990128
Krishnagiri,Cumbu,709,1925.0,2.7150916784203103,0.134606053145463,0.1212155145883991,9.374917999164769,0.2018726216183585,0.0558256945621052,61.660149551910365,0.5075920004902849,12,2,1.1013826975960712,46.21085844102094,3.2371322246428633,0.016316341998740696,8.299829367541644,0.06832495579420717,31.298198661584323,6.565264970035361
Krishnagiri,Ragi,36978,99550.0,2.692141273189464,0.134606053145463,0.1212155145883991,9.374917999164769,0.2018726216183585,0.0558256945621052,61.660149551910365,0.3681715852016556,12,7,1.1013826975960712,46.21085844102094,3.2371322246428633,0.016316341998740696,8.299829367541644,0.04955812396430342,22.701515004297992,10.518105462931352
Krishnagiri,Maize,1193,9821.0,8.232187761944678,0.134606053145463,0.1212155145883991,9.374917999164769,0.2018726216183585,0.0558256945621052,61.660149551910365,0.3995047579022917,12,5,1.1013826975960712,46.21085844102094,3.2371322246428633,0.016316341998740696,8.299829367541644,0.0537757586740612,24.63352311895505,7.085064293952548
Krishnagiri,Sugarcane,419,46546.0,111.08830548926014,0.134606053145463,0.1212155145883991,9.374917999164769,0.2018726216183585,0.0558256945621052,61.660149551910365,0.3128960414466979,12,8,1.1013826975960712,46.21085844102094,3.2371322246428633,0.016316341998740696,8.299829367541644,0.042117701183979214,19.29321670980414,6.040254711277414
Krishnagiri,Cotton,1708,2359.0,1.3811475409836065,0.134606053145463,0.1212155145883991,9.374917999164769,0.2018726216183585,0.0558256945621052,61.660149551910365,0.4884317075690003,12,1,1.1013826975960712,46.21085844102094,3.2371322246428633,0.016316341998740696,8.299829367541644,0.0657458643869621,30.116772134599508,7.443663683115591
Krishnagiri,Groundnut,13420,37463.0,2.791579731743666,0.134606053145463,0.1212155145883991,9.374917999164769,0.2018726216183585,0.0558256945621052,61.660149551910365,0.3265895541399711,12,4,1.1013826975960712,46.21085844102094,3.2371322246428633,0.016316341998740696,8.299829367541644,0.043960930881318014,20.137560750362343,9.504575923397805
Krishnagiri,Gingelly,436,334.0,0.7660550458715596,0.134606053145463,0.1212155145883991,9.374917999164769,0.2018726216183585,0.0558256945621052,61.660149551910365,0.36904261576798,12,3,1.1013826975960712,46.21085844102094,3.2371322246428633,0.016316341998740696,8.299829367541644,0.049675369951005396,22.75522287928184,6.07993319509559
Coimbatore,Paddy,1169,4606.0,3.940119760479042,0.1521491717031648,0.1238842890229803,4.269220533126325,0.2281849218502206,0.0634057365844377,316.153545824912,0.0800142303185784,3,6,1.2183211586780736,18.62784208778094,1.5498515422265704,0.018848891961881924,48.10250012827892,0.012174098867437961,25.29678263166974,7.064759027791802
Coimbatore,Cholam,23241,14165.0,0.6094832408244052,0.1521491717031648,0.1238842890229803,4.269220533126325,0.2281849218502206,0.0634057365844377,316.153545824912,0.4322179820823151,3,0,1.2183211586780736,18.62784208778094,1.5498515422265704,0.018848891961881924,48.10250012827892,0.06576160796903757,136.6472476046122,10.05371626578282
Coimbatore,Cumbu,219,530.0,2.4200913242009134,0.1521491717031648,0.1238842890229803,4.269220533126325,0.2281849218502206,0.0634057365844377,316.153545824912,0.4268270115802209,3,2,1.2183211586780736,18.62784208778094,1.5498515422265704,0.018848891961881924,48.10250012827892,0.06494137627246774,134.94287316493762,5.393627546352361
Coimbatore,Ragi,12,47.0,3.9166666666666665,0.1521491717031648,0.1238842890229803,4.269220533126325,0.2281849218502206,0.0634057365844377,316.153545824912,0.2984844165598797,3,7,1.2183211586780736,18.62784208778094,1.5498515422265704,0.018848891961881924,48.10250012827892,0.0454141567458881,94.36690666888603,2.5649493574615367
Coimbatore,Maize,3574,23903.0,6.688024622271964,0.1521491717031648,0.1238842890229803,4.269220533126325,0.2281849218502206,0.0634057365844377,316.153545824912,0.3326040765940069,3,5,1.2183211586780736,18.62784208778094,1.5498515422265704,0.018848891961881924,48.10250012827892,0.050605434758874135,105.1539581710159,8.181720455128108
Coimbatore,Sugarcane,381,42344.0,111.13910761154855,0.1521491717031648,0.1238842890229803,4.269220533126325,0.2281849218502206,0.0634057365844377,316.153545824912,0.2579492178398488,3,8,1.2183211586780736,18.62784208778094,1.5498515422265704,0.018848891961881924,48.10250012827892,0.03924675983581222,81.55155986283084,5.945420608606575
Coimbatore,Cotton,563,1065.0,1.891651865008881,0.1521491717031648,0.1238842890229803,4.269220533126325,0.2281849218502206,0.0634057365844377,316.153545824912,0.4084096972324413,3,1,1.2183211586780736,18.62784208778094,1.5498515422265704,0.018848891961881924,48.10250012827892,0.06213919714945626,129.12017392931506,6.335054251498059
Coimbatore,Groundnut,3292,7209.0,2.189854191980559,0.1521491717031648,0.1238842890229803,4.269220533126325,0.2281849218502206,0.0634057365844377,316.153545824912,0.2658610860503329,3,4,1.2183211586780736,18.62784208778094,1.5498515422265704,0.018848891961881924,48.10250012827892,0.04045054403066197,84.05292505167478,8.099554282376364
Coimbatore,Gingelly,180,84.0,0.4666666666666667,0.1521491717031648,0.1238842890229803,4.269220533126325,0.2281849218502206,0.0634057365844377,316.153545824912,0.2994411074911146,3,3,1.2183211586780736,18.62784208778094,1.5498515422265704,0.018848891961881924,48.10250012827892,0.04555971647865142,94.66936789905449,5.198497031265826
Tiruppur,Paddy,10402,45462.0,4.370505671986156,0.1194992492611044,0.0960362890213333,1.4771452940372294,0.1792196952113544,0.0497095716353544,70.20353808155298,0.0653714925681741,31,6,1.2314903060115239,8.196358851372448,0.5919547461698961,0.01147626443987177,8.389270096218935,0.00781184428497467,4.589310067957768,9.249849505070895
Tiruppur,Cholam,33333,8887.0,0.2666126661266613,0.1194992492611044,0.0960362890213333,1.4771452940372294,0.1792196952113544,0.0497095716353544,70.20353808155298,0.4229930124406736,31,0,1.2314903060115239,8.196358851372448,0.5919547461698961,0.01147626443987177,8.389270096218935,0.05054734742935349,29.695606057109643,10.414333176102122
Tiruppur,Cumbu,113,275.0,2.433628318584071,0.1194992492611044,0.0960362890213333,1.4771452940372294,0.1792196952113544,0.0497095716353544,70.20353808155298,0.4179236772227273,31,2,1.2314903060115239,8.196358851372448,0.5919547461698961,0.01147626443987177,8.389270096218935,0.04994156567655603,29.33972078908839,4.736198448394496
Tiruppur,Maize,20598,186965.0,9.076852121565201,0.1194992492611044,0.0960362890213333,1.4771452940372294,0.1792196952113544,0.0497095716353544,70.20353808155298,0.3146784863287086,31,5,1.2314903060115239,8.196358851372448,0.5919547461698961,0.01147626443987177,8.389270096218935,0.037603842874901386,22.091543098422942,9.932997809910068
Tiruppur,Sugarcane,3361,423802.0,126.09401963701279,0.1194992492611044,0.0960362890213333,1.4771452940372294,0.1792196952113544,0.0497095716353544,70.20353808155298,0.2409057421097886,31,8,1.2314903060115239,8.196358851372448,0.5919547461698961,0.01147626443987177,8.389270096218935,0.028788055324808964,16.912435440269324,8.120291313968561
Tiruppur,Cotton,1273,3521.0,2.765907305577376,0.1194992492611044,0.0960362890213333,1.4771452940372294,0.1792196952113544,0.0497095716353544,70.20353808155298,0.3963395831564647,31,1,1.2314903060115239,8.196358851372448,0.5919547461698961,0.01147626443987177,8.389270096218935,0.0473622826396566,27.824441019351706,7.149916836132109
Tiruppur,Groundnut,7946,12185.0,1.5334759627485528,0.1194992492611044,0.0960362890213333,1.4771452940372294,0.1792196952113544,0.0497095716353544,70.20353808155298,0.2495218877146103,31,4,1.2314903060115239,8.196358851372448,0.5919547461698961,0.01147626443987177,8.389270096218935,0.029817678256109523,17.51731934635363,8.98054977794018
Tiruppur,Gingelly,246,132.0,0.5365853658536586,0.1194992492611044,0.0960362890213333,1.4771452940372294,0.1792196952113544,0.0497095716353544,70.20353808155298,0.2829454611919051,31,3,1.2314903060115239,8.196358851372448,0.5919547461698961,0.01147626443987177,8.389270096218935,0.03381177019426961,19.863772459788482,5.5093883366279774
Erode,Paddy,31062,131717.0,4.240454574721524,0.1449356701547857,0.1205940974021952,3.721062934061389,0.2173666958275176,0.0622412026619026,143.07265504138917,0.1036527293050979,7,6,1.191963041391589,17.04043247052913,1.361121766681231,0.017478386323698664,20.736331139248218,0.01502297778520696,14.829871183966763,10.343772679288913
Erode,Cholam,1,1.0,1.0,0.1449356701547857,0.1205940974021952,3.721062934061389,0.2173666958275176,0.0622412026619026,143.07265504138917,0.4993186198787939,7,0,1.191963041391589,17.04043247052913,1.361121766681231,0.017478386323698664,20.736331139248218,0.0723690787928957,71.4388406576612,0.6931471805599453
Erode,Cumbu,99,249.0,2.515151515151515,0.1449356701547857,0.1205940974021952,3.721062934061389,0.2173666958275176,0.0622412026619026,143.07265504138917,0.4923580644094154,7,2,1.191963041391589,17.04043247052913,1.361121766681231,0.017478386323698664,20.736331139248218,0.07136024602129176,70.44297550609436,4.605170185988092
Erode,Ragi,3372,11291.0,3.3484578884934755,0.1449356701547857,0.1205940974021952,3.721062934061389,0.2173666958275176,0.0622412026619026,143.07265504138917,0.355206301344703,7,7,1.191963041391589,17.04043247052913,1.361121766681231,0.017478386323698664,20.736331139248218,0.05148206332859728,50.82030862081842,8.12355783506165
Erode,Maize,15995,137434.0,8.592310096905283,0.1449356701547857,0.1205940974021952,3.721062934061389,0.2173666958275176,0.0622412026619026,143.07265504138917,0.3868195326870774,7,5,1.191963041391589,17.04043247052913,1.361121766681231,0.017478386323698664,20.736331139248218,0.0560639481989626,55.34329756340959,9.680093969966709
Erode,Sugarcane,19644,2266259.0,115.36647322337609,0.1449356701547857,0.1205940974021952,3.721062934061389,0.2173666958275176,0.0622412026619026,143.07265504138917,0.3052384627924313,7,8,1.191963041391589,17.04043247052913,1.361121766681231,0.017478386323698664,20.736331139248218,0.044239941161837645,43.671277292465426,9.88557813199256
Erode,Cotton,1581,2866.0,1.8127767235926628,0.1449356701547857,0.1205940974021952,3.721062934061389,0.2173666958275176,0.0622412026619026,143.07265504138917,0.4729370187136198,7,1,1.191963041391589,17.04043247052913,1.361121766681231,0.017478386323698664,20.736331139248218,0.06854544374826492,67.66435493471674,7.366445148327599
Erode,Groundnut,19745,34213.0,1.7327424664472018,0.1449356701547857,0.1205940974021952,3.721062934061389,0.2173666958275176,0.0622412026619026,143.07265504138917,0.3159584900671539,7,4,1.191963041391589,17.04043247052913,1.361121766681231,0.017478386323698664,20.736331139248218,0.04579365549897715,45.20502005677609,9.890706218171395
Erode,Gingelly,3301,2581.0,0.7818842774916692,0.1449356701547857,0.1205940974021952,3.721062934061389,0.2173666958275176,0.0622412026619026,143.07265504138917,0.3562733292327135,7,3,1.191963041391589,17.04043247052913,1.361121766681231,0.017478386323698664,20.736331139248218,0.05163671373061993,50.97297113375929,8.102283624480073
Tiruchirappalli,Paddy,68229,254475.0,3.7297190344281757,0.1515614825765353,0.1175969259745816,1.2173060965369875,0.2273077336102558,0.0682931825247116,169.27462326000003,0.1085824921129612,28,6,1.2779545619000179,5.331865361227978,0.5320584375745928,0.01782316444715066,25.65551286387007,0.01645692348649535,18.38026044505343,11.130639629809469
Tiruchirappalli,Cholam,28416,31020.0,1.0916385135135136,0.1515614825765353,0.1175969259745816,1.2173060965369875,0.2273077336102558,0.0682931825247116,169.27462326000003,0.5271066870666705,28,0,1.2779545619000179,5.331865361227978,0.5320584375745928,0.01782316444715066,25.65551286387007,0.07988907096783042,89.22578587103739,10.254742836614135
Tiruchirappalli,Cumbu,41,100.0,2.4390243902439024,0.1515614825765353,0.1175969259745816,1.2173060965369875,0.2273077336102558,0.0682931825247116,169.27462326000003,0.5191486599525467,28,2,1.2779545619000179,5.331865361227978,0.5320584375745928,0.01782316444715066,25.65551286387007,0.07868294058002955,87.8786938294012,3.7376696182833684
Tiruchirappalli,Ragi,3,8.0,2.6666666666666665,0.1515614825765353,0.1175969259745816,1.2173060965369875,0.2273077336102558,0.0682931825247116,169.27462326000003,0.3772526687494489,28,7,1.2779545619000179,5.331865361227978,0.5320584375745928,0.01782316444715066,25.65551286387007,0.05717697378162104,63.859303376392546,1.3862943611198906
Tiruchirappalli,Maize,18456,152286.0,8.251300390117034,0.1515614825765353,0.1175969259745816,1.2173060965369875,0.2273077336102558,0.0682931825247116,169.27462326000003,0.4084564517758391,28,5,1.2779545619000179,5.331865361227978,0.5320584375745928,0.01782316444715066,25.65551286387007,0.061906265399097264,69.14131199247153,9.823198981307291
Tiruchirappalli,Sugarcane,1872,122112.0,65.23076923076923,0.1515614825765353,0.1175969259745816,1.2173060965369875,0.2273077336102558,0.0682931825247116,169.27462326000003,0.321326829779626,28,8,1.2779545619000179,5.331865361227978,0.5320584375745928,0.01782316444715066,25.65551286387007,0.04870077071301811,54.39247805427635,7.5352967024440884
Tiruchirappalli,Cotton,12902,22493.0,1.7433731204464424,0.1515614825765353,0.1175969259745816,1.2173060965369875,0.2273077336102558,0.0682931825247116,169.27462326000003,0.4994742534399198,28,1,1.2779545619000179,5.331865361227978,0.5320584375745928,0.01782316444715066,25.65551286387007,0.07570105836016237,84.5483160791122,9.465215121451847
Tiruchirappalli,Groundnut,7068,13512.0,1.9117147707979627,0.1515614825765353,0.1175969259745816,1.2173060965369875,0.2273077336102558,0.0682931825247116,169.27462326000003,0.3344670014205213,28,4,1.2779545619000179,5.331865361227978,0.5320584375745928,0.01782316444715066,25.65551286387007,0.05069231460822235,56.616775658360645,8.863474306170954
Tiruchirappalli,Gingelly,1434,919.0,0.6408647140864714,0.1515614825765353,0.1175969259745816,1.2173060965369875,0.2273077336102558,0.0682931825247116,169.27462326000003,0.3781779629452315,28,3,1.2779545619000179,5.331865361227978,0.5320584375745928,0.01782316444715066,25.65551286387007,0.05731721274175331,64.0159322027883,7.268920128193722
Karur,Paddy,14848,57681.0,3.884765625,0.1589887843218613,0.1189635067115366,2.753361931235568,0.2384448533283759,0.0687665950943175,84.99869787387502,0.081026396033724,11,6,1.32530957688795,11.498939705584707,1.0502651896286017,0.018913863310732793,13.513839643908566,0.012882288203383463,6.887138156279451,9.605687801896062
Karur,Cholam,21789,13374.0,0.6137959520859149,0.1589887843218613,0.1189635067115366,2.753361931235568,0.2384448533283759,0.0687665950943175,84.99869787387502,0.4870092449581595,11,0,1.32530957688795,11.498939705584707,1.0502651896286017,0.018913863310732793,13.513839643908566,0.07742900780940534,41.39515167398259,9.989206427938665
Karur,Cumbu,266,601.0,2.2593984962406015,0.1589887843218613,0.1189635067115366,2.753361931235568,0.2384448533283759,0.0687665950943175,84.99869787387502,0.4801988406811461,11,2,1.32530957688795,11.498939705584707,1.0502651896286017,0.018913863310732793,13.513839643908566,0.07634622991266257,40.81627617844178,5.58724865840025
Karur,Maize,1000,6326.0,6.326,0.1589887843218613,0.1189635067115366,2.753361931235568,0.2384448533283759,0.0687665950943175,84.99869787387502,0.3629726907812529,11,5,1.32530957688795,11.498939705584707,1.0502651896286017,0.018913863310732793,13.513839643908566,0.05770858684934627,30.852206080183173,6.90875477931522
Karur,Sugarcane,1540,181736.0,118.01038961038961,0.1589887843218613,0.1189635067115366,2.753361931235568,0.2384448533283759,0.0687665950943175,84.99869787387502,0.2811654690253142,11,8,1.32530957688795,11.498939705584707,1.0502651896286017,0.018913863310732793,13.513839643908566,0.044702156113620654,23.898698754249047,7.340186835320115
Karur,Cotton,796,1456.0,1.829145728643216,0.1589887843218613,0.1189635067115366,2.753361931235568,0.2384448533283759,0.0687665950943175,84.99869787387502,0.4569081989093035,11,1,1.32530957688795,11.498939705584707,1.0502651896286017,0.018913863310732793,13.513839643908566,0.07264327909128136,38.83660195518828,6.680854678790215
Karur,Groundnut,3330,8479.0,2.546246246246246,0.1589887843218613,0.1189635067115366,2.753361931235568,0.2384448533283759,0.0687665950943175,84.99869787387502,0.2931451061741852,11,4,1.32530957688795,11.498939705584707,1.0502651896286017,0.018913863310732793,13.513839643908566,0.046606784060536664,24.916952312904584,8.11102783819368
Karur,Gingelly,3004,1152.0,0.38348868175765644,0.1589887843218613,0.1189635067115366,2.753361931235568,0.2384448533283759,0.0687665950943175,84.99869787387502,0.333688926481533,11,3,1.32530957688795,11.498939705584707,1.0502651896286017,0.018913863310732793,13.513839643908566,0.053052796762965884,28.363124245861513,8.008032846969307
Perambalur,Paddy,7522,30178.0,4.011964902951343,0.1227754740734314,0.0925278371960559,1.0668610319102585,0.1841307305974129,0.0508422244949868,99.6377133880627,0.1019394470105506,17,6,1.3127158475402967,5.7627441347393855,0.45792241219370095,0.011360149076735042,12.233067496812081,0.01251566393350379,10.157013404174847,8.925720273560222
Perambalur,Cholam,73,61.0,0.8356164383561644,0.1227754740734314,0.0925278371960559,1.0668610319102585,0.1841307305974129,0.0508422244949868,99.6377133880627,0.5292170571778786,17,0,1.3127158475402967,5.7627441347393855,0.45792241219370095,0.011360149076735042,12.233067496812081,0.0649748750827603,52.72997746316346,4.304065093204169
Perambalur,Cumbu,145,366.0,2.524137931034483,0.1227754740734314,0.0925278371960559,1.0668610319102585,0.1841307305974129,0.0508422244949868,99.6377133880627,0.5204624108957498,17,2,1.3127158475402967,5.7627441347393855,0.45792241219370095,0.011360149076735042,12.233067496812081,0.06390001923512674,51.85768452609085,4.983606621708336
Perambalur,Ragi,2,4.0,2.0,0.1227754740734314,0.0925278371960559,1.0668610319102585,0.1841307305974129,0.0508422244949868,99.6377133880627,0.3734392343342931,17,7,1.3127158475402967,5.7627441347393855,0.45792241219370095,0.011360149076735042,12.233067496812081,0.045849179033012076,37.20863139845788,1.0986122886681096
Perambalur,Maize,66047,594577.0,9.002331672899603,0.1227754740734314,0.0925278371960559,1.0668610319102585,0.1841307305974129,0.0508422244949868,99.6377133880627,0.4034488002735136,17,5,1.3127158475402967,5.7627441347393855,0.45792241219370095,0.011360149076735042,12.233067496812081,0.04953361771793777,40.1987159284101,11.09813702940118
Perambalur,Sugarcane,3728,402764.0,108.03755364806867,0.1227754740734314,0.0925278371960559,1.0668610319102585,0.1841307305974129,0.0508422244949868,99.6377133880627,0.3139387641177495,17,8,1.3127158475402967,5.7627441347393855,0.45792241219370095,0.011360149076735042,12.233067496812081,0.03854398059458385,31.280140600566952,8.22389538017882
Perambalur,Cotton,13289,28509.0,2.1453081495974113,0.1227754740734314,0.0925278371960559,1.0668610319102585,0.1841307305974129,0.0508422244949868,99.6377133880627,0.4992895019602295,17,1,1.3127158475402967,5.7627441347393855,0.45792241219370095,0.011360149076735042,12.233067496812081,0.06130050530305463,49.74806429398192,9.494767151707292
Perambalur,Groundnut,2360,5549.0,2.351271186440678,0.1227754740734314,0.0925278371960559,1.0668610319102585,0.1841307305974129,0.0508422244949868,99.6377133880627,0.3293862617710671,17,4,1.3127158475402967,5.7627441347393855,0.45792241219370095,0.011360149076735042,12.233067496812081,0.040440554442218134,32.81929394431098,7.766840537085513
Perambalur,Gingelly,365,192.0,0.5260273972602739,0.1227754740734314,0.0925278371960559,1.0668610319102585,0.1841307305974129,0.0508422244949868,99.6377133880627,0.374126499304607,17,3,1.3127158475402967,5.7627441347393855,0.45792241219370095,0.011360149076735042,12.233067496812081,0.04593355831555643,37.27710890859167,5.902633333401366
Ariyalur,Paddy,26181,104212.0,3.9804438333142356,0.1160608241075226,0.0942508021554576,1.055776607224114,0.1740631827240469,0.0402730287360623,95.99325461327268,0.0901139361615396,0,6,1.2184760808428807,6.030831787677142,0.4486335380185611,0.010938825770957476,11.141056239179672,0.010458697694480969,8.650330018158872,10.172827430740044
Ariyalur,Cholam,49,40.0,0.8163265306122449,0.1160608241075226,0.0942508021554576,1.055776607224114,0.1740631827240469,0.0402730287360623,95.99325461327268,0.5139714481282379,0,0,1.2184760808428807,6.030831787677142,0.4486335380185611,0.010938825770957476,11.141056239179672,0.05965194983750009,49.33779208412641,3.912023005428146
Ariyalur,Cumbu,1231,3886.0,3.156783103168156,0.1160608241075226,0.0942508021554576,1.055776607224114,0.1740631827240469,0.0402730287360623,95.99325461327268,0.5069809448711512,0,2,1.2184760808428807,6.030831787677142,0.4486335380185611,0.010938825770957476,11.141056239179672,0.05884062626855629,48.66675092509398,7.116394144093465
Ariyalur,Ragi,23,67.0,2.9130434782608696,0.1160608241075226,0.0942508021554576,1.055776607224114,0.1740631827240469,0.0402730287360623,95.99325461327268,0.3575323268919353,0,7,1.2184760808428807,6.030831787677142,0.4486335380185611,0.010938825770957476,11.141056239179672,0.04149549650415817,34.32069168781339,3.1780538303479458
Ariyalur,Maize,17822,114767.0,6.439625182358882,0.1160608241075226,0.0942508021554576,1.055776607224114,0.1740631827240469,0.0402730287360623,95.99325461327268,0.3871446860593222,0,5,1.2184760808428807,6.030831787677142,0.4486335380185611,0.010938825770957476,11.141056239179672,0.044932331312893044,37.163278421068036,9.78824503702385
Ariyalur,Sugarcane,4403,329437.0,74.82103111514876,0.1160608241075226,0.0942508021554576,1.055776607224114,0.1740631827240469,0.0402730287360623,95.99325461327268,0.3019025224422181,0,8,1.2184760808428807,6.030831787677142,0.4486335380185611,0.010938825770957476,11.141056239179672,0.03503905555478367,28.980605705185113,8.390268497842571
Ariyalur,Cotton,8441,14515.0,1.7195829877976543,0.1160608241075226,0.0942508021554576,1.055776607224114,0.1740631827240469,0.0402730287360623,95.99325461327268,0.4837636838514753,0,1,1.2184760808428807,6.030831787677142,0.4486335380185611,0.010938825770957476,11.141056239179672,0.05614601182109324,46.43805047660942,9.040974526342444
Ariyalur,Groundnut,12743,54199.0,4.253237071333281,0.1160608241075226,0.0942508021554576,1.055776607224114,0.1740631827240469,0.0402730287360623,95.99325461327268,0.3147246480362564,0,4,1.2184760808428807,6.030831787677142,0.4486335380185611,0.010938825770957476,11.141056239179672,0.036527202018037906,30.21144327201699,9.452815851589884
Ariyalur,Gingelly,1537,810.0,0.5270006506180872,0.1160608241075226,0.0942508021554576,1.055776607224114,0.1740631827240469,0.0402730287360623,95.99325461327268,0.3579186205319836,0,3,1.2184760808428807,6.030831787677142,0.4486335380185611,0.010938825770957476,11.141056239179672,0.04154033006236967,34.35777327155803,7.338238150065589
Pudukkottai,Paddy,101039,354955.0,3.5130494165619215,0.1212966614881646,0.0924506275997994,0.4158593341024607,0.1819183784020644,0.0482029778854245,56.02332919302535,0.1038281262737855,18,6,1.2979758895533087,2.2734693896552023,0.23969145799756322,0.011213952480341235,6.795442796566405,0.01259400508558177,5.81679729773129,11.523271757024373
Pudukkottai,Cholam,53,42.0,0.7924528301886793,0.1212966614881646,0.0924506275997994,0.4158593341024607,0.1819183784020644,0.0482029778854245,56.02332919302535,0.5557026024319144,18,0,1.2979758895533087,2.2734693896552023,0.23969145799756322,0.011213952480341235,6.795442796566405,0.06740487045527603,31.132309829464027,3.9889840465642745
Pudukkottai,Cumbu,7,17.0,2.4285714285714284,0.1212966614881646,0.0924506275997994,0.4158593341024607,0.1819183784020644,0.0482029778854245,56.02332919302535,0.5474336570625709,18,2,1.2979758895533087,2.2734693896552023,0.23969145799756322,0.011213952480341235,6.795442796566405,0.06640187498794665,30.669055980958152,2.0794415416798357
Pudukkottai,Ragi,11,30.0,2.727272727272727,0.1212966614881646,0.0924506275997994,0.4158593341024607,0.1819183784020644,0.0482029778854245,56.02332919302535,0.3914757722615883,18,7,1.2979758895533087,2.2734693896552023,0.23969145799756322,0.011213952480341235,6.795442796566405,0.0474847042288317,21.93177606050478,2.4849066497880004
Pudukkottai,Maize,2069,14835.0,7.170130497825037,0.1212966614881646,0.0924506275997994,0.4158593341024607,0.1819183784020644,0.0482029778854245,56.02332919302535,0.419070091088443,18,5,1.2979758895533087,2.2734693896552023,0.23969145799756322,0.011213952480341235,6.795442796566405,0.05083180297856918,23.47770166799896,7.635303886259415
Pudukkottai,Sugarcane,1948,215352.0,110.55030800821355,0.1212966614881646,0.0924506275997994,0.4158593341024607,0.1819183784020644,0.0482029778854245,56.02332919302535,0.3288037027354312,18,8,1.2979758895533087,2.2734693896552023,0.23969145799756322,0.011213952480341235,6.795442796566405,0.0398827914267547,18.42067807823271,7.575071699507561
Pudukkottai,Cotton,442,800.0,1.8099547511312217,0.1212966614881646,0.0924506275997994,0.4158593341024607,0.1819183784020644,0.0482029778854245,56.02332919302535,0.5232471382274748,18,1,1.2979758895533087,2.2734693896552023,0.23969145799756322,0.011213952480341235,6.795442796566405,0.06346813100022888,29.314046674226258,6.093569770045136
Pudukkottai,Groundnut,11434,25360.0,2.2179464754241733,0.1212966614881646,0.0924506275997994,0.4158593341024607,0.1819183784020644,0.0482029778854245,56.02332919302535,0.3442909294900936,18,4,1.2979758895533087,2.2734693896552023,0.23969145799756322,0.011213952480341235,6.795442796566405,0.04176134032780543,19.28832408099619,9.344434106456882
Pudukkottai,Gingelly,2560,1002.0,0.39140625,0.1212966614881646,0.0924506275997994,0.4158593341024607,0.1819183784020644,0.0482029778854245,56.02332919302535,0.3918259935895969,18,3,1.2979758895533087,2.2734693896552023,0.23969145799756322,0.011213952480341235,6.795442796566405,0.04752718490670109,21.951396625254226,7.848153086199526
Thanjavur,Paddy,225837,837607.0,3.7089006672954388,0.125271442337109,0.0923394639024011,0.6598654439030424,0.1878800617511458,0.0561862754761645,109.18286573039369,0.12477021968322,24,6,1.3421058692612275,3.4935685523675417,0.3243389826637657,0.011567497827689196,13.677495068545326,0.015630145380434914,13.622770142824733,12.327573207061024
Thanjavur,Cholam,1,1.0,1.0,0.125271442337109,0.0923394639024011,0.6598654439030424,0.1878800617511458,0.0561862754761645,109.18286573039369,0.5765165769009858,24,0,1.3421058692612275,3.4935685523675417,0.3243389826637657,0.011567497827689196,13.677495068545326,0.0722210631196393,62.945732007126516,0.6931471805599453
Thanjavur,Cumbu,2,4.0,2.0,0.125271442337109,0.0923394639024011,0.6598654439030424,0.1878800617511458,0.0561862754761645,109.18286573039369,0.5685830713270988,24,2,1.3421058692612275,3.4935685523675417,0.3243389826637657,0.011567497827689196,13.677495068545326,0.07122722143360899,62.07952913328149,1.0986122886681096
Thanjavur,Ragi,106,372.0,3.509433962264151,0.125271442337109,0.0923394639024011,0.6598654439030424,0.1878800617511458,0.0561862754761645,109.18286573039369,0.4231822748646034,24,7,1.3421058692612275,3.4935685523675417,0.3243389826637657,0.011567497827689196,13.677495068545326,0.05301265394378778,46.20425349602455,4.672828834461906
Thanjavur,Maize,1012,7372.0,7.284584980237154,0.125271442337109,0.0923394639024011,0.6598654439030424,0.1878800617511458,0.0561862754761645,109.18286573039369,0.4548626062909603,24,5,1.3421058692612275,3.4935685523675417,0.3243389826637657,0.011567497827689196,13.677495068545326,0.05698129475528514,49.663202868442845,6.920671504248683
Thanjavur,Sugarcane,3935,443753.0,112.7707750952986,0.125271442337109,0.0923394639024011,0.6598654439030424,0.1878800617511458,0.0561862754761645,109.18286573039369,0.3621489968304994,24,8,1.3421058692612275,3.4935685523675417,0.3243389826637657,0.011567497827689196,13.677495068545326,0.04536692717389377,39.540465295341185,8.277920258172143
Thanjavur,Cotton,3944,7104.0,1.8012170385395538,0.125271442337109,0.0923394639024011,0.6598654439030424,0.1878800617511458,0.0561862754761645,109.18286573039369,0.5495086166515745,24,1,1.3421058692612275,3.4935685523675417,0.3243389826637657,0.011567497827689196,13.677495068545326,0.06883773698461224,59.99692550956323,8.280204233279974
Thanjavur,Groundnut,7810,20987.0,2.6871959026888605,0.125271442337109,0.0923394639024011,0.6598654439030424,0.1878800617511458,0.0561862754761645,109.18286573039369,0.3754680115662653,24,4,1.3421058692612275,3.4935685523675417,0.3243389826637657,0.011567497827689196,13.677495068545326,0.047035419360352375,40.99467349289745,8.963288275610298
Thanjavur,Gingelly,4548,1698.0,0.3733509234828496,0.125271442337109,0.0923394639024011,0.6598654439030424,0.1878800617511458,0.0561862754761645,109.18286573039369,0.4240316070019397,24,3,1.3421058692612275,3.4935685523675417,0.3243389826637657,0.011567497827689196,13.677495068545326,0.05311905100565515,46.29698601273584,8.422662707570003
Tiruvarur,Paddy,218109,737493.0,3.381304760463805,0.122543896667864,0.0792780424714055,1.402572125131088,0.1837904762810028,0.0446140302676693,99.13531587658704,0.1168867518929397,33,6,1.526493333610038,7.590067157997136,0.5696354993599849,0.00971504024464645,12.14842790491654,0.01432375804581066,11.587605070694837,12.292754801665899
Tiruvarur,Ragi,3,12.0,4.0,0.122543896667864,0.0792780424714055,1.402572125131088,0.1837904762810028,0.0446140302676693,99.13531587658704,0.4197347578076243,33,7,1.526493333610038,7.590067157997136,0.5696354993599849,0.00971504024464645,12.14842790491654,0.05143593278868844,41.6105377996416,1.3862943611198906
Tiruvarur,Maize,13,101.0,7.769230769230769,0.122543896667864,0.0792780424714055,1.402572125131088,0.1837904762810028,0.0446140302676693,99.13531587658704,0.448126446798156,33,5,1.526493333610038,7.590067157997136,0.5696354993599849,0.00971504024464645,12.14842790491654,0.05491516099057028,44.42515685598777,2.639057329615259
Tiruvarur,Sugarcane,115,12775.0,111.08695652173913,0.122543896667864,0.0792780424714055,1.402572125131088,0.1837904762810028,0.0446140302676693,99.13531587658704,0.3553045419341838,33,8,1.526493333610038,7.590067157997136,0.5696354993599849,0.00971504024464645,12.14842790491654,0.04354040307240537,35.22322799703138,4.7535901911063645
Tiruvarur,Cotton,16401,31443.0,1.9171391988293396,0.122543896667864,0.0792780424714055,1.402572125131088,0.1837904762810028,0.0446140302676693,99.13531587658704,0.552481466030193,33,1,1.526493333610038,7.590067157997136,0.5696354993599849,0.00971504024464645,12.14842790491654,0.06770323168411399,54.77042465086308,9.705158557596356
Tiruvarur,Groundnut,2593,6681.0,2.5765522560740455,0.122543896667864,0.0792780424714055,1.402572125131088,0.1837904762810028,0.0446140302676693,99.13531587658704,0.3702979740983195,33,4,1.526493333610038,7.590067157997136,0.5696354993599849,0.00971504024464645,12.14842790491654,0.04537775667422384,36.70960663069715,7.860956364876389
Tiruvarur,Gingelly,4761,789.0,0.1657214870825457,0.122543896667864,0.0792780424714055,1.402572125131088,0.1837904762810028,0.0446140302676693,99.13531587658704,0.4203862836366229,33,3,1.526493333610038,7.590067157997136,0.5696354993599849,0.00971504024464645,12.14842790491654,0.051515773302553684,41.67512701850112,8.468423027046809
Nagapattinam,Paddy,84041,271882.0,3.235111433704977,0.325630353535192,0.4341519603591991,6.316855833871463,0.4883126358976355,0.0751795573405306,169.9265861303903,0.1062389035196763,15,6,0.7483141136866261,12.909651969815373,2.37693294110143,0.14137305633976266,55.333254316667244,0.034594611712303346,18.052814189334498,11.339071952867101
Nagapattinam,Cumbu,4,11.0,2.75,0.325630353535192,0.4341519603591991,6.316855833871463,0.4883126358976355,0.0751795573405306,169.9265861303903,0.2368671716074577,15,2,0.7483141136866261,12.909651969815373,2.37693294110143,0.14137305633976266,55.333254316667244,0.07713114083141745,40.2500298376166,1.6094379124341003
Nagapattinam,Ragi,2,6.0,3.0,0.325630353535192,0.4341519603591991,6.316855833871463,0.4883126358976355,0.0751795573405306,169.9265861303903,0.1834085045677183,15,7,0.7483141136866261,12.909651969815373,2.37693294110143,0.14137305633976266,55.333254316667244,0.05972337618374698,31.165981048472464,1.0986122886681096
Nagapattinam,Sugarcane,3,294.0,98.0,0.325630353535192,0.4341519603591991,6.316855833871463,0.4883126358976355,0.0751795573405306,169.9265861303903,0.1793886943469259,15,8,0.7483141136866261,12.909651969815373,2.37693294110143,0.14137305633976266,55.333254316667244,0.058414403960405974,30.48290842076116,1.3862943611198906
Nagapattinam,Cotton,2028,2306.0,1.1370808678500985,0.325630353535192,0.4341519603591991,6.316855833871463,0.4883126358976355,0.0751795573405306,169.9265861303903,0.2352357264036061,15,1,0.7483141136866261,12.909651969815373,2.37693294110143,0.14137305633976266,55.333254316667244,0.07659989275291396,39.9728039236673,7.615298339825815
Nagapattinam,Groundnut,1481,5171.0,3.4915597569209993,0.325630353535192,0.4341519603591991,6.316855833871463,0.4883126358976355,0.0751795573405306,169.9265861303903,0.1781908499495622,15,4,0.7483141136866261,12.909651969815373,2.37693294110143,0.14137305633976266,55.333254316667244,0.05802434946581228,30.279362811601732,7.301147805856032
Nagapattinam,Gingelly,4377,2353.0,0.5375828192826136,0.325630353535192,0.4341519603591991,6.316855833871463,0.4883126358976355,0.0751795573405306,169.9265861303903,0.183347850700539,15,3,0.7483141136866261,12.909651969815373,2.37693294110143,0.14137305633976266,55.333254316667244,0.05970362544353411,31.15567434388708,8.384347278082808
Mayiladuthurai,Paddy,106538,343053.0,3.2200060072462406,0.0956058222548339,0.0696929673035472,10.874946136600498,0.1433896333821192,0.047320119117974,121.21862225950356,0.1438077566840316,14,6,1.3524092409972532,75.31666839142497,3.7046471974124837,0.006663053444434883,11.58920605371795,0.013748858824399926,17.432178135468224,11.576266394280891
Mayiladuthurai,Cholam,11,8.0,0.7272727272727273,0.0956058222548339,0.0696929673035472,10.874946136600498,0.1433896333821192,0.047320119117974,121.21862225950356,0.6327279378785478,14,0,1.3524092409972532,75.31666839142497,3.7046471974124837,0.006663053444434883,11.58920605371795,0.06049247476448402,76.69840889473431,2.4849066497880004
Mayiladuthurai,Maize,20,141.0,7.05,0.0956058222548339,0.0696929673035472,10.874946136600498,0.1433896333821192,0.047320119117974,121.21862225950356,0.501946349784061,14,5,1.3524092409972532,75.31666839142497,3.7046471974124837,0.006663053444434883,11.58920605371795,0.04798899349891762,60.84524496901074,3.044522437723423
Mayiladuthurai,Sugarcane,422,46880.0,111.09004739336493,0.0956058222548339,0.0696929673035472,10.874946136600498,0.1433896333821192,0.047320119117974,121.21862225950356,0.4002805580517971,14,8,1.3524092409972532,75.31666839142497,3.7046471974124837,0.006663053444434883,11.58920605371795,0.03826915188516583,48.521457764304074,6.0473721790462776
Mayiladuthurai,Cotton,6871,16843.0,2.451317129966526,0.0956058222548339,0.0696929673035472,10.874946136600498,0.1433896333821192,0.047320119117974,121.21862225950356,0.6039908115468897,14,1,1.3524092409972532,75.31666839142497,3.7046471974124837,0.006663053444434883,11.58920605371795,0.057745038172304815,73.21493403311342,8.835210463664092
Mayiladuthurai,Groundnut,1018,4342.0,4.265225933202357,0.0956058222548339,0.0696929673035472,10.874946136600498,0.1433896333821192,0.047320119117974,121.21862225950356,0.417558982119668,14,4,1.3524092409972532,75.31666839142497,3.7046471974124837,0.006663053444434883,11.58920605371795,0.03992106982544234,50.61592452462684,6.926577033222725
Mayiladuthurai,Gingelly,322,172.0,0.5341614906832298,0.0956058222548339,0.0696929673035472,10.874946136600498,0.1433896333821192,0.047320119117974,121.21862225950356,0.4722346888567113,14,3,1.3524092409972532,75.31666839142497,3.7046471974124837,0.006663053444434883,11.58920605371795,0.04514838572540153,57.24363836635589,5.777652323222656
Madurai,Paddy,58486,229021.0,3.9158260096433333,0.1644416409016538,0.1439427150730949,111.37754770086278,0.2466186527421276,0.0671456947489384,354.0872249059494,0.1128675701041088,13,6,1.1345284985087078,449.7946599235091,37.26286933150219,0.02367017626245894,58.22668428584726,0.018560128432502095,39.96496468004159,10.976559786302708
Madurai,Cholam,9312,16267.0,1.746885738831615,0.1644416409016538,0.1439427150730949,111.37754770086278,0.2466186527421276,0.0671456947489384,354.0872249059494,0.5236340860886591,13,0,1.1345284985087078,449.7946599235091,37.26286933150219,0.02367017626245894,58.22668428584726,0.08610724834845696,185.41214040929634,9.139166552521658
Madurai,Cumbu,357,1017.0,2.8487394957983194,0.1644416409016538,0.1439427150730949,111.37754770086278,0.2466186527421276,0.0671456947489384,354.0872249059494,0.51550364142252,13,2,1.1345284985087078,449.7946599235091,37.26286933150219,0.02367017626245894,58.22668428584726,0.08477026468629695,182.53325382021177,5.8805329864007
Madurai,Ragi,9,32.0,3.5555555555555554,0.1644416409016538,0.1439427150730949,111.37754770086278,0.2466186527421276,0.0671456947489384,354.0872249059494,0.3778526133404439,13,7,1.1345284985087078,449.7946599235091,37.26286933150219,0.02367017626245894,58.22668428584726,0.06213470375668072,133.79278328117852,2.302585092994046
Madurai,Maize,20607,107166.0,5.200465861115155,0.1644416409016538,0.1439427150730949,111.37754770086278,0.2466186527421276,0.0671456947489384,354.0872249059494,0.4099765477769569,13,5,1.1345284985087078,449.7946599235091,37.26286933150219,0.02367017626245894,58.22668428584726,0.06741721624763806,145.16745807886406,9.933434628904081
Madurai,Sugarcane,1762,115891.0,65.77241770715096,0.1644416409016538,0.1439427150730949,111.37754770086278,0.2466186527421276,0.0671456947489384,354.0872249059494,0.3223807834801847,13,8,1.1345284985087078,449.7946599235091,37.26286933150219,0.02367017626245894,58.22668428584726,0.053012825030642335,114.15091698550434,7.47477218239787
Madurai,Cotton,9332,20334.0,2.1789541363051863,0.1644416409016538,0.1439427150730949,111.37754770086278,0.2466186527421276,0.0671456947489384,354.0872249059494,0.4973830023520603,13,1,1.1345284985087078,449.7946599235091,37.26286933150219,0.02367017626245894,58.22668428584726,0.08179047706336393,176.11696701823035,9.141311785565748
Madurai,Groundnut,2355,7022.0,2.981740976645435,0.1644416409016538,0.1439427150730949,111.37754770086278,0.2466186527421276,0.0671456947489384,354.0872249059494,0.3357738293824181,13,4,1.1345284985087078,449.7946599235091,37.26286933150219,0.02367017626245894,58.22668428584726,0.055215199475476776,118.89322344206417,7.764720544771477
Madurai,Gingelly,395,204.0,0.5164556962025316,0.1644416409016538,0.1439427150730949,111.37754770086278,0.2466186527421276,0.0671456947489384,354.0872249059494,0.3788085611504563,13,3,1.1345284985087078,449.7946599235091,37.26286933150219,0.02367017626245894,58.22668428584726,0.0622919013831755,134.1312721883807,5.981414211254481
Theni,Paddy,13048,48555.0,3.721259963212753,0.180655498452384,0.1569319730229375,5.196167122998722,0.2709330523231813,0.0747579303330013,120.71354553355596,0.1048619661831699,26,6,1.1438817295478618,19.10825873723982,1.8825852245914294,0.02835062380957485,21.807565738319102,0.01894389076951759,12.658259729590284,9.476466781462246
Theni,Cholam,7237,13713.0,1.8948459306342407,0.180655498452384,0.1569319730229375,5.196167122998722,0.2709330523231813,0.0747579303330013,120.71354553355596,0.5500343559920472,26,0,1.1438817295478618,19.10825873723982,1.8825852245914294,0.02835062380957485,21.807565738319102,0.09936673074767931,66.39659727706612,8.887100204123687
Theni,Cumbu,1079,2684.0,2.4874884151992585,0.180655498452384,0.1569319730229375,5.196167122998722,0.2709330523231813,0.0747579303330013,120.71354553355596,0.5414410053085444,26,2,1.1438817295478618,19.10825873723982,1.8825852245914294,0.02835062380957485,21.807565738319102,0.09781429469657499,65.35926344804729,6.984716320118265
Theni,Ragi,8,32.0,4.0,0.180655498452384,0.1569319730229375,5.196167122998722,0.2709330523231813,0.0747579303330013,120.71354553355596,0.3909390636710169,26,7,1.1438817295478618,19.10825873723982,1.8825852245914294,0.02835062380957485,21.807565738319102,0.07062529141199583,47.19164046329703,2.1972245773362196
Theni,Maize,5617,37214.0,6.625244792593912,0.180655498452384,0.1569319730229375,5.196167122998722,0.2709330523231813,0.0747579303330013,120.71354553355596,0.4209528115157839,26,5,1.1438817295478618,19.10825873723982,1.8825852245914294,0.02835062380957485,21.807565738319102,0.07604743998931639,50.81470638038898,8.633731007664188
Theni,Sugarcane,2769,257492.0,92.99097146984471,0.180655498452384,0.1569319730229375,5.196167122998722,0.2709330523231813,0.0747579303330013,120.71354553355596,0.3286946230216097,26,8,1.1438817295478618,19.10825873723982,1.8825852245914294,0.02835062380957485,21.807565738319102,0.05938049096058735,39.67789334275409,7.926602599181384
Theni,Cotton,4301,19921.0,4.631713554987212,0.180655498452384,0.1569319730229375,5.196167122998722,0.2709330523231813,0.0747579303330013,120.71354553355596,0.5198284614821517,26,1,1.1438817295478618,19.10825873723982,1.8825852245914294,0.02835062380957485,21.807565738319102,0.093909869818794,62.750336654764055,8.366835309827675
Theni,Groundnut,1714,5194.0,3.030338389731622,0.180655498452384,0.1569319730229375,5.196167122998722,0.2709330523231813,0.0747579303330013,120.71354553355596,0.3443817201278505,26,4,1.1438817295478618,19.10825873723982,1.8825852245914294,0.02835062380957485,21.807565738319102,0.06221445130758623,41.57153845357761,7.44716835960004
Theni,Gingelly,575,344.0,0.5982608695652174,0.180655498452384,0.1569319730229375,5.196167122998722,0.2709330523231813,0.0747579303330013,120.71354553355596,0.3914389317579383,26,3,1.1438817295478618,19.10825873723982,1.8825852245914294,0.02835062380957485,21.807565738319102,0.07071559533039906,47.25198131236839,6.3561076606958915
Dindigul,Paddy,13547,57541.0,4.24750867350705,0.1458518976512933,0.10042191276993,2.111073736504998,0.2187431929502142,0.0687116326230382,217.75312605828407,0.1042456517918609,6,6,1.4380708632674901,9.607004013013002,0.8252229423688352,0.014646726543266934,31.75970665510202,0.015204426135738858,22.699816555661073,9.513994213937663
Dindigul,Cholam,43899,25078.0,0.5712658602701656,0.1458518976512933,0.10042191276993,2.111073736504998,0.2187431929502142,0.0687116326230382,217.75312605828407,0.5457366951610287,6,0,1.4380708632674901,9.607004013013002,0.8252229423688352,0.014646726543266934,31.75970665510202,0.07959673260718142,118.83587137603084,10.689669599063263
Dindigul,Cumbu,226,502.0,2.2212389380530975,0.1458518976512933,0.10042191276993,2.111073736504998,0.2187431929502142,0.0687116326230382,217.75312605828407,0.5370547680488614,6,2,1.4380708632674901,9.607004013013002,0.8252229423688352,0.014646726543266934,31.75970665510202,0.0783304570626016,116.94535460714623,5.424950017481403
Dindigul,Ragi,3,16.0,5.333333333333333,0.1458518976512933,0.10042191276993,2.111073736504998,0.2187431929502142,0.0687116326230382,217.75312605828407,0.3846408919123656,6,7,1.4380708632674901,9.607004013013002,0.8252229423688352,0.014646726543266934,31.75970665510202,0.05610060399970452,83.75675662376416,1.3862943611198906
Dindigul,Maize,31596,249690.0,7.902582605393087,0.1458518976512933,0.10042191276993,2.111073736504998,0.2187431929502142,0.0687116326230382,217.75312605828407,0.4130204720535175,6,5,1.4380708632674901,9.607004013013002,0.8252229423688352,0.014646726543266934,31.75970665510202,0.06023981961783848,89.93649891572159,10.360817458359367
Dindigul,Sugarcane,1904,224469.0,117.89338235294117,0.1458518976512933,0.10042191276993,2.111073736504998,0.2187431929502142,0.0687116326230382,217.75312605828407,0.3235347006608301,6,8,1.4380708632674901,9.607004013013002,0.8252229423688352,0.014646726543266934,31.75970665510202,0.047188150047425215,70.45069245722695,7.552237287560802
Dindigul,Cotton,5409,18089.0,3.3442410796820115,0.1458518976512933,0.10042191276993,2.111073736504998,0.2187431929502142,0.0687116326230382,217.75312605828407,0.5140895353520949,6,1,1.4380708632674901,9.607004013013002,0.8252229423688352,0.014646726543266934,31.75970665510202,0.07498093429377467,111.94460339676941,8.596004371840527
Dindigul,Groundnut,5064,10658.0,2.104660347551343,0.1458518976512933,0.10042191276993,2.111073736504998,0.2187431929502142,0.0687116326230382,217.75312605828407,0.3388628045609056,6,4,1.4380708632674901,9.607004013013002,0.8252229423688352,0.014646726543266934,31.75970665510202,0.049423783088647415,73.78843499801455,8.530109416682784
Dindigul,Gingelly,166,79.0,0.4759036144578313,0.1458518976512933,0.10042191276993,2.111073736504998,0.2187431929502142,0.0687116326230382,217.75312605828407,0.3853194753537842,6,3,1.4380708632674901,9.607004013013002,0.8252229423688352,0.014646726543266934,31.75970665510202,0.056199576682350164,83.90452028942445,5.117993812416755
Ramanathapuram,Paddy,134571,117722.0,0.8747947180298876,0.1832197613620727,0.2281638827293553,0.8528834677905855,0.2747511215516426,0.0574632201682588,58.7441723220122,0.0814533257319145,19,6,0.7995141257859422,3.0929465054990093,0.4369514502347669,0.04180413214511642,10.76309323425155,0.014923858902748548,4.784908202996576,11.809854650778673
Ramanathapuram,Cholam,4591,1323.0,0.2881725114354171,0.1832197613620727,0.2281638827293553,0.8528834677905855,0.2747511215516426,0.0574632201682588,58.7441723220122,0.4444871635088285,19,0,0.7995141257859422,3.0929465054990093,0.4369514502347669,0.04180413214511642,10.76309323425155,0.08143883202659213,26.11103052808503,8.432070937999402
Ramanathapuram,Cumbu,667,266.0,0.3988005997001499,0.1832197613620727,0.2281638827293553,0.8528834677905855,0.2747511215516426,0.0574632201682588,58.7441723220122,0.4392291605455688,19,2,0.7995141257859422,3.0929465054990093,0.4369514502347669,0.04180413214511642,10.76309323425155,0.08047546197842263,25.802153495941656,6.504288173536645
Ramanathapuram,Ragi,154,640.0,4.1558441558441555,0.1832197613620727,0.2281638827293553,0.8528834677905855,0.2747511215516426,0.0574632201682588,58.7441723220122,0.3074848251414411,19,7,0.7995141257859422,3.0929465054990093,0.4369514502347669,0.04180413214511642,10.76309323425155,0.05633729628487349,18.062941554512605,5.043425116919247
Ramanathapuram,Maize,451,2838.0,6.2926829268292686,0.1832197613620727,0.2281638827293553,0.8528834677905855,0.2747511215516426,0.0574632201682588,58.7441723220122,0.3407603161872884,19,5,0.7995141257859422,3.0929465054990093,0.4369514502347669,0.04180413214511642,10.76309323425155,0.06243402381349942,20.017682734609433,6.113682179832232
Ramanathapuram,Sugarcane,146,16207.0,111.0068493150685,0.1832197613620727,0.2281638827293553,0.8528834677905855,0.2747511215516426,0.0574632201682588,58.7441723220122,0.2651142260104411,19,8,0.7995141257859422,3.0929465054990093,0.4369514502347669,0.04180413214511642,10.76309323425155,0.04857416522332362,15.573915777774241,4.990432586778736
Ramanathapuram,Cotton,10091,8469.0,0.8392627093449608,0.1832197613620727,0.2281638827293553,0.8528834677905855,0.2747511215516426,0.0574632201682588,58.7441723220122,0.4197859159618558,19,1,0.7995141257859422,3.0929465054990093,0.4369514502347669,0.04180413214511642,10.76309323425155,0.07691307534569032,24.65997618561699,9.219498309760949
Ramanathapuram,Groundnut,2240,840.0,0.375,0.1832197613620727,0.2281638827293553,0.8528834677905855,0.2747511215516426,0.0574632201682588,58.7441723220122,0.2733603461074076,19,4,0.7995141257859422,3.0929465054990093,0.4369514502347669,0.04180413214511642,10.76309323425155,0.05008501737965282,16.05832727773845,7.714677473800927
Ramanathapuram,Gingelly,978,216.0,0.22085889570552147,0.1832197613620727,0.2281638827293553,0.8528834677905855,0.2747511215516426,0.0574632201682588,58.7441723220122,0.308241453751292,19,3,0.7995141257859422,3.0929465054990093,0.4369514502347669,0.04180413214511642,10.76309323425155,0.05647592559821009,18.107389075953453,6.88653164253051
Virudhunagar,Paddy,28274,93991.0,3.3242908679352055,0.1057827309489958,0.0802272508424705,1.9759429653511549,0.1586484639927871,0.0438720268953794,274.82883760183745,0.0857643886127177,35,6,1.3023059361463238,12.376836681876425,0.7467913867643126,0.008486657690646653,29.072144985060433,0.009072391245624237,23.570527230065473,10.249733300984321
Virudhunagar,Cholam,12314,28392.0,2.3056683449732014,0.1057827309489958,0.0802272508424705,1.9759429653511549,0.1586484639927871,0.0438720268953794,274.82883760183745,0.4959819008377959,35,0,1.3023059361463238,12.376836681876425,0.7467913867643126,0.008486657690646653,29.072144985060433,0.05246631997189608,136.31012927880127,9.418573310554638
Virudhunagar,Cumbu,1451,4786.0,3.2984148862853204,0.1057827309489958,0.0802272508424705,1.9759429653511549,0.1586484639927871,0.0438720268953794,274.82883760183745,0.488328930767631,35,2,1.3023059361463238,12.376836681876425,0.7467913867643126,0.008486657690646653,29.072144985060433,0.05165676789800311,134.2068724102162,7.280697195384741
Virudhunagar,Ragi,19,81.0,4.2631578947368425,0.1057827309489958,0.0802272508424705,1.9759429653511549,0.1586484639927871,0.0438720268953794,274.82883760183745,0.3427454238232791,35,7,1.3023059361463238,12.376836681876425,0.7467913867643126,0.008486657690646653,29.072144985060433,0.03625654695229747,94.19632642270092,2.995732273553991
Virudhunagar,Maize,35205,209380.0,5.947450646215026,0.1057827309489958,0.0802272508424705,1.9759429653511549,0.1586484639927871,0.0438720268953794,274.82883760183745,0.3733253783251417,35,5,1.3023059361463238,12.376836681876425,0.7467913867643126,0.008486657690646653,29.072144985060433,0.03949137805180053,102.6005797723649,10.468971801605917
Virudhunagar,Sugarcane,1108,106826.0,96.41335740072202,0.1057827309489958,0.0802272508424705,1.9759429653511549,0.1586484639927871,0.0438720268953794,274.82883760183745,0.2873197424018894,35,8,1.3023059361463238,12.376836681876425,0.7467913867643126,0.008486657690646653,29.072144985060433,0.030393467006833846,78.96375082437063,7.011213987350367
Virudhunagar,Cotton,21107,27963.0,1.3248211493817217,0.1057827309489958,0.0802272508424705,1.9759429653511549,0.1586484639927871,0.0438720268953794,274.82883760183745,0.4664196094318653,35,1,1.3023059361463238,12.376836681876425,0.7467913867643126,0.008486657690646653,29.072144985060433,0.04933914005386671,128.18555909486255,9.957407394525559
Virudhunagar,Groundnut,3729,4907.0,1.3159023866988468,0.1057827309489958,0.0802272508424705,1.9759429653511549,0.1586484639927871,0.0438720268953794,274.82883760183745,0.3014985247292426,35,4,1.3023059361463238,12.376836681876425,0.7467913867643126,0.008486657690646653,29.072144985060433,0.03189333732295263,82.86048909000658,8.224163512637862
Virudhunagar,Gingelly,1671,544.0,0.3255535607420706,0.1057827309489958,0.0802272508424705,1.9759429653511549,0.1586484639927871,0.0438720268953794,274.82883760183745,0.3431211430942765,35,3,1.3023059361463238,12.376836681876425,0.7467913867643126,0.008486657690646653,29.072144985060433,0.03629629156285374,94.29958491321375,7.421775793644647
Sivagangai,Paddy,82386,213835.0,2.5955259388731093,0.1278250852670604,0.0837953696434041,0.4131223936580962,0.1917075036022205,0.0485983247481404,226.59424993681816,0.0746659908920197,22,6,1.507453600410166,2.1437794893075246,0.24421832750912573,0.010711150269652974,28.96442931919938,0.009544186652321974,16.9188842019665,11.31918293646075
Sivagangai,Cholam,41,35.0,0.8536585365853658,0.1278250852670604,0.0837953696434041,0.4131223936580962,0.1917075036022205,0.0485983247481404,226.59424993681816,0.5060728785467732,22,0,1.507453600410166,2.1437794893075246,0.24421832750912573,0.010711150269652974,28.96442931919938,0.06468880885158798,114.67320432767255,3.7376696182833684
Sivagangai,Cumbu,3,8.0,2.6666666666666665,0.1278250852670604,0.0837953696434041,0.4131223936580962,0.1917075036022205,0.0485983247481404,226.59424993681816,0.4988696343546494,22,2,1.507453600410166,2.1437794893075246,0.24421832750912573,0.010711150269652974,28.96442931919938,0.06376805354853031,113.04099061284651,1.3862943611198906
Sivagangai,Ragi,168,587.0,3.494047619047619,0.1278250852670604,0.0837953696434041,0.4131223936580962,0.1917075036022205,0.0485983247481404,226.59424993681816,0.3408586992746653,22,7,1.507453600410166,2.1437794893075246,0.24421832750912573,0.010711150269652974,28.96442931919938,0.04357029229880339,77.23662129658224,5.1298987149230735
Sivagangai,Maize,39,268.0,6.871794871794871,0.1278250852670604,0.0837953696434041,0.4131223936580962,0.1917075036022205,0.0485983247481404,226.59424993681816,0.3680132251504527,22,5,1.507453600410166,2.1437794893075246,0.24421832750912573,0.010711150269652974,28.96442931919938,0.047041321884262514,83.38968071979622,3.6888794541139363
Sivagangai,Sugarcane,2605,286140.0,109.8426103646833,0.1278250852670604,0.0837953696434041,0.4131223936580962,0.1917075036022205,0.0485983247481404,226.59424993681816,0.2823729260500411,22,8,1.507453600410166,2.1437794893075246,0.24421832750912573,0.010711150269652974,28.96442931919938,0.03609434334945585,63.98408138077369,7.8655717576847906
Sivagangai,Cotton,837,1507.0,1.8004778972520907,0.1278250852670604,0.0837953696434041,0.4131223936580962,0.1917075036022205,0.0485983247481404,226.59424993681816,0.4721231065316817,22,1,1.507453600410166,2.1437794893075246,0.24421832750912573,0.010711150269652974,28.96442931919938,0.060349176348961656,106.98038120238691,6.731018100482083
Sivagangai,Groundnut,1986,4406.0,2.21852970795569,0.1278250852670604,0.0837953696434041,0.4131223936580962,0.1917075036022205,0.0485983247481404,226.59424993681816,0.2972786919072084,22,4,1.507453600410166,2.1437794893075246,0.24421832750912573,0.010711150269652974,28.96442931919938,0.03799967414111909,67.36164221491234,7.594381242551817
Sivagangai,Gingelly,116,60.0,0.5172413793103449,0.1278250852670604,0.0837953696434041,0.4131223936580962,0.1917075036022205,0.0485983247481404,226.59424993681816,0.3406922734503629,22,3,1.507453600410166,2.1437794893075246,0.24421832750912573,0.010711150269652974,28.96442931919938,0.0435490189036213,77.19891016175433,4.762173934797756
Tirunelveli,Paddy,34390,142984.0,4.157720267519628,0.1192804070444063,0.0806055202645991,0.9375556826088288,0.1788940685220368,0.0547507902058273,139.71628349873376,0.0934262496648825,29,6,1.4616708117005996,5.2117098151792565,0.4119100527250907,0.009614659267187521,16.66541516646063,0.011143921088659513,13.053168384402204,10.445550181223961
Tirunelveli,Cholam,159,132.0,0.8301886792452831,0.1192804070444063,0.0806055202645991,0.9375556826088288,0.1788940685220368,0.0547507902058273,139.71628349873376,0.4938520357003034,29,0,1.4616708117005996,5.2117098151792565,0.4119100527250907,0.009614659267187521,16.66541516646063,0.058906871838040865,68.99917102633037,5.075173815233827
Tirunelveli,Cumbu,5,13.0,2.6,0.1192804070444063,0.0806055202645991,0.9375556826088288,0.1788940685220368,0.0547507902058273,139.71628349873376,0.4870172942122945,29,2,1.4616708117005996,5.2117098151792565,0.4119100527250907,0.009614659267187521,16.66541516646063,0.05809162109130787,68.04424634695117,1.791759469228055
Tirunelveli,Ragi,1,3.0,3.0,0.1192804070444063,0.0806055202645991,0.9375556826088288,0.1788940685220368,0.0547507902058273,139.71628349873376,0.3470481276484803,29,7,1.4616708117005996,5.2117098151792565,0.4119100527250907,0.009614659267187521,16.66541516646063,0.04139604192990981,48.48827459023982,0.6931471805599453
Tirunelveli,Maize,504,3289.0,6.525793650793651,0.1192804070444063,0.0806055202645991,0.9375556826088288,0.1788940685220368,0.0547507902058273,139.71628349873376,0.3789990804330384,29,5,1.4616708117005996,5.2117098151792565,0.4119100527250907,0.009614659267187521,16.66541516646063,0.045207164583508506,52.952342967541796,6.22455842927536
Tirunelveli,Sugarcane,25,2776.0,111.04,0.1192804070444063,0.0806055202645991,0.9375556826088288,0.1788940685220368,0.0547507902058273,139.71628349873376,0.296458737655328,29,8,1.4616708117005996,5.2117098151792565,0.4119100527250907,0.009614659267187521,16.66541516646063,0.03536171889939838,41.420113035928544,3.258096538021482
Tirunelveli,Cotton,1143,2143.0,1.8748906386701663,0.1192804070444063,0.0806055202645991,0.9375556826088288,0.1788940685220368,0.0547507902058273,139.71628349873376,0.4667935381099222,29,1,1.4616708117005996,5.2117098151792565,0.4119100527250907,0.009614659267187521,16.66541516646063,0.055679323231450105,65.21865830594287,7.042286171939743
Tirunelveli,Groundnut,307,939.0,3.0586319218241043,0.1192804070444063,0.0806055202645991,0.9375556826088288,0.1788940685220368,0.0547507902058273,139.71628349873376,0.3074339979060952,29,4,1.4616708117005996,5.2117098151792565,0.4119100527250907,0.009614659267187521,16.66541516646063,0.03667085240952819,42.95353560859712,5.730099782973575
Tirunelveli,Gingelly,9,4.0,0.4444444444444444,0.1192804070444063,0.0806055202645991,0.9375556826088288,0.1788940685220368,0.0547507902058273,139.71628349873376,0.3479462018902317,29,3,1.4616708117005996,5.2117098151792565,0.4119100527250907,0.009614659267187521,16.66541516646063,0.04150316459102201,48.61375018560326,2.302585092994046
Tenkasi,Paddy,35760,133878.0,3.743791946308725,0.1653721350261847,0.1169917070929205,5.163427724342317,0.2480191147370577,0.0819337538900781,483.193814053686,0.127660434326734,23,6,1.401557271274593,20.735065779164955,1.8589396580351865,0.0193471683823143,79.90679266150335,0.021111478582982037,61.6847321660847,10.484613193102275
Tenkasi,Cholam,2837,2365.0,0.833627070849489,0.1653721350261847,0.1169917070929205,5.163427724342317,0.2480191147370577,0.0819337538900781,483.193814053686,0.5973420881445627,23,0,1.401557271274593,20.735065779164955,1.8589396580351865,0.0193471683823143,79.90679266150335,0.09878373645746574,288.6320018653644,7.950854857719988
Tenkasi,Cumbu,26,70.0,2.6923076923076925,0.1653721350261847,0.1169917070929205,5.163427724342317,0.2480191147370577,0.0819337538900781,483.193814053686,0.5875900998595595,23,2,1.401557271274593,20.735065779164955,1.8589396580351865,0.0193471683823143,79.90679266150335,0.09717102933402441,283.9199014513268,3.295836866004329
Tenkasi,Ragi,1,5.0,5.0,0.1653721350261847,0.1169917070929205,5.163427724342317,0.2480191147370577,0.0819337538900781,483.193814053686,0.4370091259266771,23,7,1.401557271274593,20.735065779164955,1.8589396580351865,0.0193471683823143,79.90679266150335,0.0722691321804214,211.1601063327787,0.6931471805599453
Tenkasi,Maize,16561,78174.0,4.720367127588914,0.1653721350261847,0.1169917070929205,5.163427724342317,0.2480191147370577,0.0819337538900781,483.193814053686,0.4676447789579607,23,5,1.401557271274593,20.735065779164955,1.8589396580351865,0.0193471683823143,79.90679266150335,0.07733541553012617,225.96306436698995,9.714866193593645
Tenkasi,Sugarcane,1855,160111.0,86.31320754716981,0.1653721350261847,0.1169917070929205,5.163427724342317,0.2480191147370577,0.0819337538900781,483.193814053686,0.3700768597918454,23,8,1.401557271274593,20.735065779164955,1.8589396580351865,0.0193471683823143,79.90679266150335,0.06120040042756348,178.81884937583297,7.526178913346146
Tenkasi,Cotton,4529,8682.0,1.91697946566571,0.1653721350261847,0.1169917070929205,5.163427724342317,0.2480191147370577,0.0819337538900781,483.193814053686,0.5680248980327148,23,1,1.401557271274593,20.735065779164955,1.8589396580351865,0.0193471683823143,79.90679266150335,0.0939354901357009,274.46611695788357,8.41847721847708
Tenkasi,Groundnut,598,1311.0,2.1923076923076925,0.1653721350261847,0.1169917070929205,5.163427724342317,0.2480191147370577,0.0819337538900781,483.193814053686,0.3865287581834095,23,4,1.401557271274593,20.735065779164955,1.8589396580351865,0.0193471683823143,79.90679266150335,0.06392108598981029,186.76830490807654,6.395261598115449
Tenkasi,Gingelly,397,186.0,0.46851385390428213,0.1653721350261847,0.1169917070929205,5.163427724342317,0.2480191147370577,0.0819337538900781,483.193814053686,0.4380264853194884,23,3,1.401557271274593,20.735065779164955,1.8589396580351865,0.0193471683823143,79.90679266150335,0.07243737507529954,211.6516880980545,5.986452005284438
Thoothukudi,Paddy,12833,53193.0,4.145016753681914,0.2325971546859067,0.3171657411197529,6.717431163596077,0.3488305618464248,0.0657969470377045,95.18826363322395,0.0735122070802692,27,6,0.7310565677728343,19.201956307479563,2.432952960042803,0.0737718489483014,22.14051928057986,0.01709873020155178,6.9974993478168175,9.45985317831046
Thoothukudi,Cholam,8254,11017.0,1.3347467894354252,0.2325971546859067,0.3171657411197529,6.717431163596077,0.3488305618464248,0.0657969470377045,95.18826363322395,0.2926075043576066,27,0,0.7310565677728343,19.201956307479563,2.432952960042803,0.0737718489483014,22.14051928057986,0.06805967295332334,27.85280026585158,9.018574356354229
Thoothukudi,Cumbu,8948,16677.0,1.8637684398748324,0.2325971546859067,0.3171657411197529,6.717431163596077,0.3488305618464248,0.0657969470377045,95.18826363322395,0.2902913920711784,27,2,0.7310565677728343,19.201956307479563,2.432952960042803,0.0737718489483014,22.14051928057986,0.06752095182556707,27.632333558926906,9.099297073182859
Thoothukudi,Ragi,4,18.0,4.5,0.2325971546859067,0.3171657411197529,6.717431163596077,0.3488305618464248,0.0657969470377045,95.18826363322395,0.2052913225114518,27,7,0.7310565677728343,19.201956307479563,2.432952960042803,0.0737718489483014,22.14051928057986,0.04775017749787051,19.541324528833275,1.6094379124341003
Thoothukudi,Maize,50005,176576.0,3.531166883311669,0.2325971546859067,0.3171657411197529,6.717431163596077,0.3488305618464248,0.0657969470377045,95.18826363322395,0.247412542596962,27,5,0.7310565677728343,19.201956307479563,2.432952960042803,0.0737718489483014,22.14051928057986,0.05754745344165905,23.550770330885868,10.819898277210859
Thoothukudi,Sugarcane,4,434.0,108.5,0.2325971546859067,0.3171657411197529,6.717431163596077,0.3488305618464248,0.0657969470377045,95.18826363322395,0.1843082796371168,27,8,0.7310565677728343,19.201956307479563,2.432952960042803,0.0737718489483014,22.14051928057986,0.0428695814286478,17.543985111883835,1.6094379124341003
Thoothukudi,Cotton,8562,5949.0,0.6948142957252978,0.2325971546859067,0.3171657411197529,6.717431163596077,0.3488305618464248,0.0657969470377045,95.18826363322395,0.28213387258131,27,1,0.7310565677728343,19.201956307479563,2.432952960042803,0.0737718489483014,22.14051928057986,0.06562353600292885,26.855833443132152,9.055205875026193
Thoothukudi,Groundnut,781,2494.0,3.1933418693982074,0.2325971546859067,0.3171657411197529,6.717431163596077,0.3488305618464248,0.0657969470377045,95.18826363322395,0.1891359838974394,27,4,0.7310565677728343,19.201956307479563,2.432952960042803,0.0737718489483014,22.14051928057986,0.04399249170326387,18.003525897758664,6.661854740545311
Thoothukudi,Gingelly,227,115.0,0.5066079295154186,0.2325971546859067,0.3171657411197529,6.717431163596077,0.3488305618464248,0.0657969470377045,95.18826363322395,0.2052261626156288,27,3,0.7310565677728343,19.201956307479563,2.432952960042803,0.0737718489483014,22.14051928057986,0.04773502149150245,19.53512207149136,5.429345628954441
The Nilgiris,Paddy,91,349.0,3.8351648351648353,0.178583391830342,0.1562630630788632,4.756395895560516,0.267775915427239,0.0640987538218389,265.09492744032906,0.1506982625948111,25,6,1.135571114628406,17.696510820174776,1.734251734272699,0.027905987822422075,47.341551299312364,0.02691220687712092,39.9493449879551,4.5217885770490405
The Nilgiris,Cumbu,1,4.0,4.0,0.178583391830342,0.1562630630788632,4.756395895560516,0.267775915427239,0.0640987538218389,265.09492744032906,0.6927513631031124,25,2,1.135571114628406,17.696510820174776,1.734251734272699,0.027905987822422075,47.341551299312364,0.12371388811804664,183.64487233600863,0.6931471805599453
The Nilgiris,Ragi,4,11.0,2.75,0.178583391830342,0.1562630630788632,4.756395895560516,0.267775915427239,0.0640987538218389,265.09492744032906,0.5203920351480262,25,7,1.135571114628406,17.696510820174776,1.734251734272699,0.027905987822422075,47.341551299312364,0.09293337471822907,137.9532887980912,1.6094379124341003
The Nilgiris,Maize,4,27.0,6.75,0.178583391830342,0.1562630630788632,4.756395895560516,0.267775915427239,0.0640987538218389,265.09492744032906,0.54643458109675,25,5,1.135571114628406,17.696510820174776,1.734251734272699,0.027905987822422075,47.341551299312364,0.0975841409056497,144.85703562672956,1.6094379124341003
Kanniyakumari,Paddy,11170,41503.0,3.7155774395702776,0.294939271924639,0.3412782611895195,3.3432309073638624,0.4423282838404319,0.0937018089832922,113.82378951142374,0.1083834549386713,10,6,0.8616944321840267,7.541208240544379,1.360166154376311,0.10065636187894365,33.57110560620268,0.03196653728828863,12.336615561460201,9.321076413570848
Kanniyakumari,Groundnut,15,33.0,2.2,0.294939271924639,0.3412782611895195,3.3432309073638624,0.4423282838404319,0.0937018089832922,113.82378951142374,0.2023292921153041,10,4,0.8616944321840267,7.541208240544379,1.360166154376311,0.10065636187894365,33.57110560620268,0.05967485410551539,23.02988675772774,2.772588722239781
